2024-03-05 10:23:58 - INFO - Request created.
2024-03-05 10:24:34 - INFO - Created a directory C:\Users\niwi9751\potku\requests\20240305-KrXe-In-ZrO2.potku\Sample_01-Ref\Measurement_01-SiC\Data.
2024-03-05 10:24:34 - INFO - Created a directory C:\Users\niwi9751\potku\requests\20240305-KrXe-In-ZrO2.potku\Sample_01-Ref\Measurement_01-SiC\Data\Cuts.
2024-03-05 10:24:34 - INFO - Created a directory C:\Users\niwi9751\potku\requests\20240305-KrXe-In-ZrO2.potku\Sample_01-Ref\Measurement_01-SiC\Composition_changes.
2024-03-05 10:24:34 - INFO - Created a directory C:\Users\niwi9751\potku\requests\20240305-KrXe-In-ZrO2.potku\Sample_01-Ref\Measurement_01-SiC\Composition_changes\Changes.
2024-03-05 10:24:34 - INFO - Created a directory C:\Users\niwi9751\potku\requests\20240305-KrXe-In-ZrO2.potku\Sample_01-Ref\Measurement_01-SiC\Depth_profiles.
2024-03-05 10:24:34 - INFO - Created a directory C:\Users\niwi9751\potku\requests\20240305-KrXe-In-ZrO2.potku\Sample_01-Ref\Measurement_01-SiC\Energy_spectra.
2024-03-05 10:24:34 - INFO - Created a directory C:\Users\niwi9751\potku\requests\20240305-KrXe-In-ZrO2.potku\Sample_01-Ref\Measurement_01-SiC\tof_in.
2024-03-05 10:24:35 - INFO - [Measurement : SiC] - There was no old selection file to add to this request.
2024-03-05 10:24:56 - INFO - Created a directory C:\Users\niwi9751\potku\requests\20240305-KrXe-In-ZrO2.potku\Sample_01-Ref\Measurement_02-TiN\Data.
2024-03-05 10:24:56 - INFO - Created a directory C:\Users\niwi9751\potku\requests\20240305-KrXe-In-ZrO2.potku\Sample_01-Ref\Measurement_02-TiN\Data\Cuts.
2024-03-05 10:24:56 - INFO - Created a directory C:\Users\niwi9751\potku\requests\20240305-KrXe-In-ZrO2.potku\Sample_01-Ref\Measurement_02-TiN\Composition_changes.
2024-03-05 10:24:56 - INFO - Created a directory C:\Users\niwi9751\potku\requests\20240305-KrXe-In-ZrO2.potku\Sample_01-Ref\Measurement_02-TiN\Composition_changes\Changes.
2024-03-05 10:24:56 - INFO - Created a directory C:\Users\niwi9751\potku\requests\20240305-KrXe-In-ZrO2.potku\Sample_01-Ref\Measurement_02-TiN\Depth_profiles.
2024-03-05 10:24:56 - INFO - Created a directory C:\Users\niwi9751\potku\requests\20240305-KrXe-In-ZrO2.potku\Sample_01-Ref\Measurement_02-TiN\Energy_spectra.
2024-03-05 10:24:56 - INFO - Created a directory C:\Users\niwi9751\potku\requests\20240305-KrXe-In-ZrO2.potku\Sample_01-Ref\Measurement_02-TiN\tof_in.
2024-03-05 10:24:57 - INFO - [Measurement : TiN] - There was no old selection file to add to this request.
2024-03-05 10:25:07 - INFO - Created a directory C:\Users\niwi9751\potku\requests\20240305-KrXe-In-ZrO2.potku\Sample_01-Ref\Measurement_03-Cu\Data.
2024-03-05 10:25:07 - INFO - Created a directory C:\Users\niwi9751\potku\requests\20240305-KrXe-In-ZrO2.potku\Sample_01-Ref\Measurement_03-Cu\Data\Cuts.
2024-03-05 10:25:07 - INFO - Created a directory C:\Users\niwi9751\potku\requests\20240305-KrXe-In-ZrO2.potku\Sample_01-Ref\Measurement_03-Cu\Composition_changes.
2024-03-05 10:25:07 - INFO - Created a directory C:\Users\niwi9751\potku\requests\20240305-KrXe-In-ZrO2.potku\Sample_01-Ref\Measurement_03-Cu\Composition_changes\Changes.
2024-03-05 10:25:07 - INFO - Created a directory C:\Users\niwi9751\potku\requests\20240305-KrXe-In-ZrO2.potku\Sample_01-Ref\Measurement_03-Cu\Depth_profiles.
2024-03-05 10:25:07 - INFO - Created a directory C:\Users\niwi9751\potku\requests\20240305-KrXe-In-ZrO2.potku\Sample_01-Ref\Measurement_03-Cu\Energy_spectra.
2024-03-05 10:25:07 - INFO - Created a directory C:\Users\niwi9751\potku\requests\20240305-KrXe-In-ZrO2.potku\Sample_01-Ref\Measurement_03-Cu\tof_in.
2024-03-05 10:25:08 - INFO - [Measurement : Cu] - There was no old selection file to add to this request.
2024-03-05 10:27:58 - INFO - Created a directory C:\Users\niwi9751\potku\requests\20240305-KrXe-In-ZrO2.potku\Sample_02-Imp\Measurement_01-Fe-Imp\Data.
2024-03-05 10:27:58 - INFO - Created a directory C:\Users\niwi9751\potku\requests\20240305-KrXe-In-ZrO2.potku\Sample_02-Imp\Measurement_01-Fe-Imp\Data\Cuts.
2024-03-05 10:27:58 - INFO - Created a directory C:\Users\niwi9751\potku\requests\20240305-KrXe-In-ZrO2.potku\Sample_02-Imp\Measurement_01-Fe-Imp\Composition_changes.
2024-03-05 10:27:58 - INFO - Created a directory C:\Users\niwi9751\potku\requests\20240305-KrXe-In-ZrO2.potku\Sample_02-Imp\Measurement_01-Fe-Imp\Composition_changes\Changes.
2024-03-05 10:27:58 - INFO - Created a directory C:\Users\niwi9751\potku\requests\20240305-KrXe-In-ZrO2.potku\Sample_02-Imp\Measurement_01-Fe-Imp\Depth_profiles.
2024-03-05 10:27:58 - INFO - Created a directory C:\Users\niwi9751\potku\requests\20240305-KrXe-In-ZrO2.potku\Sample_02-Imp\Measurement_01-Fe-Imp\Energy_spectra.
2024-03-05 10:27:58 - INFO - Created a directory C:\Users\niwi9751\potku\requests\20240305-KrXe-In-ZrO2.potku\Sample_02-Imp\Measurement_01-Fe-Imp\tof_in.
2024-03-05 10:27:59 - INFO - [Measurement : Fe-Imp] - There was no old selection file to add to this request.
2024-03-05 10:28:24 - INFO - Created a directory C:\Users\niwi9751\potku\requests\20240305-KrXe-In-ZrO2.potku\Sample_02-Imp\Measurement_02-Xe-Imp\Data.
2024-03-05 10:28:24 - INFO - Created a directory C:\Users\niwi9751\potku\requests\20240305-KrXe-In-ZrO2.potku\Sample_02-Imp\Measurement_02-Xe-Imp\Data\Cuts.
2024-03-05 10:28:24 - INFO - Created a directory C:\Users\niwi9751\potku\requests\20240305-KrXe-In-ZrO2.potku\Sample_02-Imp\Measurement_02-Xe-Imp\Composition_changes.
2024-03-05 10:28:24 - INFO - Created a directory C:\Users\niwi9751\potku\requests\20240305-KrXe-In-ZrO2.potku\Sample_02-Imp\Measurement_02-Xe-Imp\Composition_changes\Changes.
2024-03-05 10:28:24 - INFO - Created a directory C:\Users\niwi9751\potku\requests\20240305-KrXe-In-ZrO2.potku\Sample_02-Imp\Measurement_02-Xe-Imp\Depth_profiles.
2024-03-05 10:28:24 - INFO - Created a directory C:\Users\niwi9751\potku\requests\20240305-KrXe-In-ZrO2.potku\Sample_02-Imp\Measurement_02-Xe-Imp\Energy_spectra.
2024-03-05 10:28:24 - INFO - Created a directory C:\Users\niwi9751\potku\requests\20240305-KrXe-In-ZrO2.potku\Sample_02-Imp\Measurement_02-Xe-Imp\tof_in.
2024-03-05 10:28:25 - INFO - [Measurement : Xe-Imp] - There was no old selection file to add to this request.
2024-03-05 10:28:39 - INFO - Created a directory C:\Users\niwi9751\potku\requests\20240305-KrXe-In-ZrO2.potku\Sample_02-Imp\Measurement_03-Kr-Imp\Data.
2024-03-05 10:28:39 - INFO - Created a directory C:\Users\niwi9751\potku\requests\20240305-KrXe-In-ZrO2.potku\Sample_02-Imp\Measurement_03-Kr-Imp\Data\Cuts.
2024-03-05 10:28:39 - INFO - Created a directory C:\Users\niwi9751\potku\requests\20240305-KrXe-In-ZrO2.potku\Sample_02-Imp\Measurement_03-Kr-Imp\Composition_changes.
2024-03-05 10:28:39 - INFO - Created a directory C:\Users\niwi9751\potku\requests\20240305-KrXe-In-ZrO2.potku\Sample_02-Imp\Measurement_03-Kr-Imp\Composition_changes\Changes.
2024-03-05 10:28:39 - INFO - Created a directory C:\Users\niwi9751\potku\requests\20240305-KrXe-In-ZrO2.potku\Sample_02-Imp\Measurement_03-Kr-Imp\Depth_profiles.
2024-03-05 10:28:39 - INFO - Created a directory C:\Users\niwi9751\potku\requests\20240305-KrXe-In-ZrO2.potku\Sample_02-Imp\Measurement_03-Kr-Imp\Energy_spectra.
2024-03-05 10:28:39 - INFO - Created a directory C:\Users\niwi9751\potku\requests\20240305-KrXe-In-ZrO2.potku\Sample_02-Imp\Measurement_03-Kr-Imp\tof_in.
2024-03-05 10:28:40 - INFO - [Measurement : Kr-Imp] - There was no old selection file to add to this request.
2024-03-05 10:29:02 - INFO - Created a directory C:\Users\niwi9751\potku\requests\20240305-KrXe-In-ZrO2.potku\Sample_02-Imp\Measurement_04-XeKr-Imp\Data.
2024-03-05 10:29:02 - INFO - Created a directory C:\Users\niwi9751\potku\requests\20240305-KrXe-In-ZrO2.potku\Sample_02-Imp\Measurement_04-XeKr-Imp\Data\Cuts.
2024-03-05 10:29:02 - INFO - Created a directory C:\Users\niwi9751\potku\requests\20240305-KrXe-In-ZrO2.potku\Sample_02-Imp\Measurement_04-XeKr-Imp\Composition_changes.
2024-03-05 10:29:02 - INFO - Created a directory C:\Users\niwi9751\potku\requests\20240305-KrXe-In-ZrO2.potku\Sample_02-Imp\Measurement_04-XeKr-Imp\Composition_changes\Changes.
2024-03-05 10:29:02 - INFO - Created a directory C:\Users\niwi9751\potku\requests\20240305-KrXe-In-ZrO2.potku\Sample_02-Imp\Measurement_04-XeKr-Imp\Depth_profiles.
2024-03-05 10:29:02 - INFO - Created a directory C:\Users\niwi9751\potku\requests\20240305-KrXe-In-ZrO2.potku\Sample_02-Imp\Measurement_04-XeKr-Imp\Energy_spectra.
2024-03-05 10:29:02 - INFO - Created a directory C:\Users\niwi9751\potku\requests\20240305-KrXe-In-ZrO2.potku\Sample_02-Imp\Measurement_04-XeKr-Imp\tof_in.
2024-03-05 10:29:03 - INFO - [Measurement : XeKr-Imp] - There was no old selection file to add to this request.
2024-03-05 10:30:31 - INFO - [Measurement : SiC] - Saving finished in 0.19248414039611816 seconds.
2024-03-05 10:31:52 - INFO - [Measurement : Cu] - Saving finished in 0.1296525001525879 seconds.
2024-03-05 10:31:54 - INFO - [Measurement : TiN] - Saving finished in 0.059808969497680664 seconds.
2024-03-05 10:31:57 - INFO - [Measurement : SiC] - Saving finished in 0.19348406791687012 seconds.
2024-03-05 10:36:47 - INFO - [Measurement : Fe-Imp] - There was no old selection file to add to this request.
2024-03-05 10:36:52 - INFO - [Measurement : SiC] - Selection file C:\Users\niwi9751\potku\requests\20240305-KrXe-In-ZrO2.potku\Sample_01-Ref\Measurement_01-SiC\Data\SiC.selections was read successfully!
2024-03-05 10:36:54 - INFO - [Measurement : TiN] - Selection file C:\Users\niwi9751\potku\requests\20240305-KrXe-In-ZrO2.potku\Sample_01-Ref\Measurement_02-TiN\Data\TiN.selections was read successfully!
2024-03-05 10:36:56 - INFO - [Measurement : Cu] - Selection file C:\Users\niwi9751\potku\requests\20240305-KrXe-In-ZrO2.potku\Sample_01-Ref\Measurement_03-Cu\Data\Cu.selections was read successfully!
2024-03-05 10:36:59 - INFO - [Measurement : Xe-Imp] - There was no old selection file to add to this request.
2024-03-05 10:37:03 - INFO - [Measurement : Kr-Imp] - There was no old selection file to add to this request.
2024-03-05 10:37:06 - INFO - [Measurement : XeKr-Imp] - There was no old selection file to add to this request.
2024-03-05 10:38:45 - INFO - [Measurement : Fe-Imp] - Saving finished in 0.8267562389373779 seconds.
2024-03-05 10:38:59 - ERROR - [Measurement : Fe-Imp] - At least two points required to close selection
2024-03-05 10:39:01 - ERROR - [Measurement : Fe-Imp] - At least two points required to close selection
2024-03-05 10:43:37 - INFO - [Measurement : XeKr-Imp] - There was no old selection file to add to this request.
2024-03-05 10:43:40 - INFO - [Measurement : Kr-Imp] - There was no old selection file to add to this request.
2024-03-05 10:43:42 - INFO - [Measurement : Xe-Imp] - There was no old selection file to add to this request.
2024-03-05 10:43:44 - INFO - [Measurement : Fe-Imp] - Selection file C:\Users\niwi9751\potku\requests\20240305-KrXe-In-ZrO2.potku\Sample_02-Imp\Measurement_01-Fe-Imp\Data\Fe-Imp.selections was read successfully!
2024-03-05 10:46:41 - INFO - [Measurement : Fe-Imp] - Selection file C:\Users\niwi9751\potku\requests\20240305-KrXe-In-ZrO2.potku\Sample_02-Imp\Measurement_01-Fe-Imp\Data\Fe-Imp.selections was read successfully!
2024-03-05 10:48:51 - INFO - [Measurement : Fe-Imp] - Saving finished in 0.008015871047973633 seconds.
2024-03-05 10:52:46 - INFO - [Measurement : Fe-Imp] - Saving finished in 0.08975982666015625 seconds.
2024-03-05 10:52:48 - INFO - [Measurement : Fe-Imp] - Saving single cut finished in 0.08776497840881348 seconds.
2024-03-05 10:54:03 - INFO - [Measurement : Fe-Imp] - Saving single cut finished in 0.08906912803649902 seconds.
2024-03-05 10:57:41 - INFO - [Measurement : Fe-Imp] - Saving finished in 0.1276688575744629 seconds.
2024-03-05 10:57:44 - INFO - [Measurement : Fe-Imp] - Saving single cut finished in 0.03590536117553711 seconds.
2024-03-05 10:58:25 - INFO - [Measurement : Fe-Imp] - Saving single cut finished in 0.035903215408325195 seconds.
2024-03-05 11:04:10 - INFO - [Measurement : Fe-Imp] - Saving finished in 0.23833608627319336 seconds.
2024-03-05 11:04:22 - INFO - [Measurement : Fe-Imp] - Saving finished in 0.22243380546569824 seconds.
2024-03-05 11:04:56 - INFO - [Measurement : Fe-Imp] - Generated tof.in with params> 0
2024-03-05 11:04:59 - ERROR - [Measurement : Fe-Imp] - Could not create Depth Profile graph: '>' not supported between instances of 'float' and 'NoneType'
2024-03-05 11:05:32 - INFO - [Measurement : Fe-Imp] - Saving finished in 0.22739195823669434 seconds.
2024-03-05 11:05:37 - ERROR - [Measurement : Fe-Imp] - Could not create Depth Profile graph: '>' not supported between instances of 'float' and 'NoneType'
2024-03-05 11:06:12 - INFO - [Measurement : Fe-Imp] - Backed up old tof.in file to C:\Users\niwi9751\potku\requests\20240305-KrXe-In-ZrO2.potku\Sample_02-Imp\Measurement_01-Fe-Imp\tof_in\tof.in_2024-03-05_11.06.12.bak
2024-03-05 11:06:12 - INFO - [Measurement : Fe-Imp] - Generated tof.in with params> 0
2024-03-05 11:06:14 - ERROR - [Measurement : Fe-Imp] - Could not create Depth Profile graph: '>' not supported between instances of 'float' and 'NoneType'
2024-03-05 11:06:40 - INFO - [Measurement : Fe-Imp] - Selection file C:\Users\niwi9751\potku\requests\20240305-KrXe-In-ZrO2.potku\Sample_02-Imp\Measurement_01-Fe-Imp\Data\Fe-Imp.selections was read successfully!
2024-03-05 11:06:43 - ERROR - [Measurement : Fe-Imp] - Could not create Depth Profile graph: '>' not supported between instances of 'float' and 'NoneType'
2024-03-05 11:06:52 - ERROR - [Measurement : Fe-Imp] - Could not create Depth Profile graph: '>' not supported between instances of 'float' and 'NoneType'
2024-03-05 11:07:33 - INFO - [Measurement : Fe-Imp] - Selection file C:\Users\niwi9751\potku\requests\20240305-KrXe-In-ZrO2.potku\Sample_02-Imp\Measurement_01-Fe-Imp\Data\Fe-Imp.selections was read successfully!
2024-03-05 11:07:36 - ERROR - [Measurement : Fe-Imp] - Could not create Depth Profile graph: '>' not supported between instances of 'float' and 'NoneType'
2024-03-05 11:07:48 - INFO - [Measurement : Fe-Imp] - Backed up old tof.in file to C:\Users\niwi9751\potku\requests\20240305-KrXe-In-ZrO2.potku\Sample_02-Imp\Measurement_01-Fe-Imp\tof_in\tof.in_2024-03-05_11.07.48.bak
2024-03-05 11:07:48 - INFO - [Measurement : Fe-Imp] - Generated tof.in with params> 0
2024-03-05 11:07:50 - ERROR - [Measurement : Fe-Imp] - Could not create Depth Profile graph: '>' not supported between instances of 'float' and 'NoneType'
2024-03-05 11:08:08 - INFO - [Measurement : Fe-Imp] - Saving finished in 0.2214043140411377 seconds.
2024-03-05 11:08:17 - ERROR - [Measurement : Fe-Imp] - Could not create Depth Profile graph: '>' not supported between instances of 'float' and 'NoneType'
2024-03-05 11:08:44 - INFO - [Measurement : Cu] - Selection file C:\Users\niwi9751\potku\requests\20240305-KrXe-In-ZrO2.potku\Sample_01-Ref\Measurement_03-Cu\Data\Cu.selections was read successfully!
2024-03-05 11:09:11 - INFO - [Measurement : Cu] - Generated tof.in with params> 0
2024-03-05 11:09:13 - ERROR - [Measurement : Cu] - Could not create Depth Profile graph: '>' not supported between instances of 'float' and 'NoneType'
2024-03-05 11:09:48 - INFO - [Measurement : Fe-Imp] - Backed up old tof.in file to C:\Users\niwi9751\potku\requests\20240305-KrXe-In-ZrO2.potku\Sample_02-Imp\Measurement_01-Fe-Imp\tof_in\tof.in_2024-03-05_11.09.48.bak
2024-03-05 11:09:48 - INFO - [Measurement : Fe-Imp] - Generated tof.in with params> 0
2024-03-05 11:10:24 - INFO - [Measurement : Fe-Imp] - Backed up old tof.in file to C:\Users\niwi9751\potku\requests\20240305-KrXe-In-ZrO2.potku\Sample_02-Imp\Measurement_01-Fe-Imp\tof_in\tof.in_2024-03-05_11.10.24.bak
2024-03-05 11:10:24 - INFO - [Measurement : Fe-Imp] - Generated tof.in with params> 0
2024-03-05 11:11:10 - ERROR - [Measurement : Fe-Imp] - Could not read selections due to: 'NoneType' object is not iterable.
2024-03-05 11:13:01 - INFO - [Measurement : Fe-Imp] - Selection file C:\Users\niwi9751\potku\requests\20240305-KrXe-In-ZrO2.potku\Sample_02-Imp\Measurement_01-Fe-Imp\Data\Fe-Imp.selections was read successfully!
2024-03-05 11:13:57 - INFO - [Measurement : Fe-Imp] - Backed up old tof.in file to C:\Users\niwi9751\potku\requests\20240305-KrXe-In-ZrO2.potku\Sample_02-Imp\Measurement_01-Fe-Imp\tof_in\tof.in_2024-03-05_11.13.57.bak
2024-03-05 11:13:57 - INFO - [Measurement : Fe-Imp] - Generated tof.in with params> 0
2024-03-05 11:15:22 - INFO - [Measurement : Fe-Imp] - Backed up old tof.in file to C:\Users\niwi9751\potku\requests\20240305-KrXe-In-ZrO2.potku\Sample_02-Imp\Measurement_01-Fe-Imp\tof_in\tof.in_2024-03-05_11.15.22.bak
2024-03-05 11:15:22 - INFO - [Measurement : Fe-Imp] - Generated tof.in with params> 0
2024-03-05 11:15:57 - INFO - [Measurement : Xe-Imp] - There was no old selection file to add to this request.
2024-03-05 11:16:19 - INFO - [Measurement : Xe-Imp] - Chosen selections were read successfully!
2024-03-05 11:17:21 - INFO - [Measurement : Xe-Imp] - Saving finished in 0.20844268798828125 seconds.
2024-03-05 11:18:44 - INFO - [Measurement : Xe-Imp] - Saving finished in 0.22439885139465332 seconds.
2024-03-05 11:18:49 - INFO - [Measurement : Xe-Imp] - Saving single cut finished in 0.018949270248413086 seconds.
2024-03-05 11:20:35 - ERROR - [Measurement : Xe-Imp] - Could not read selections due to: 'NoneType' object is not iterable.
2024-03-05 11:20:48 - INFO - [Measurement : Xe-Imp] - Generated tof.in with params> 0
2024-03-05 11:21:33 - INFO - [Measurement : Kr-Imp] - There was no old selection file to add to this request.
2024-03-05 11:22:09 - INFO - [Measurement : Kr-Imp] - Chosen selections were read successfully!
2024-03-05 11:23:10 - INFO - [Measurement : Kr-Imp] - Chosen selections were read successfully!
2024-03-05 11:23:34 - INFO - [Measurement : Kr-Imp] - Saving finished in 0.2074737548828125 seconds.
2024-03-05 11:26:16 - INFO - [Measurement : Kr-Imp] - Saving single cut finished in 0.09175467491149902 seconds.
2024-03-05 11:28:07 - INFO - [Measurement : Kr-Imp] - Saving single cut finished in 0.026927471160888672 seconds.
2024-03-05 11:28:13 - INFO - [Measurement : Kr-Imp] - Saving finished in 0.2234058380126953 seconds.
2024-03-05 11:28:23 - INFO - [Measurement : Kr-Imp] - Generated tof.in with params> 0
2024-03-05 11:28:40 - INFO - [Measurement : XeKr-Imp] - There was no old selection file to add to this request.
2024-03-05 11:30:44 - INFO - [Measurement : XeKr-Imp] - Chosen selections were read successfully!
2024-03-05 11:32:21 - INFO - [Measurement : XeKr-Imp] - Saving single cut finished in 0.08078360557556152 seconds.
2024-03-05 11:34:52 - INFO - [Measurement : XeKr-Imp] - Saving single cut finished in 0.03291964530944824 seconds.
2024-03-05 11:35:04 - INFO - [Measurement : SiC] - Selection file C:\Users\niwi9751\potku\requests\20240305-KrXe-In-ZrO2.potku\Sample_01-Ref\Measurement_01-SiC\Data\SiC.selections was read successfully!
2024-03-05 11:35:21 - INFO - [Measurement : XeKr-Imp] - Chosen selections were read successfully!
2024-03-05 11:36:46 - INFO - [Measurement : XeKr-Imp] - Saving single cut finished in 0.013964414596557617 seconds.
2024-03-05 11:36:48 - INFO - [Measurement : XeKr-Imp] - Saving finished in 0.2573509216308594 seconds.
2024-03-05 11:38:54 - INFO - [Measurement : XeKr-Imp] - Saving finished in 0.27525854110717773 seconds.
2024-03-05 11:40:51 - INFO - [Measurement : XeKr-Imp] - Saving finished in 0.2982003688812256 seconds.
2024-03-05 11:40:55 - INFO - [Measurement : XeKr-Imp] - Saving single cut finished in 0.018949508666992188 seconds.
2024-03-05 11:41:01 - INFO - [Measurement : XeKr-Imp] - Saving finished in 0.2932143211364746 seconds.
2024-03-05 11:41:13 - INFO - [Measurement : XeKr-Imp] - Generated tof.in with params> 0
2024-03-05 11:43:21 - ERROR - [Measurement : Kr-Imp] - Could not read selections due to: 'NoneType' object is not iterable.
2024-03-05 11:43:33 - INFO - [Measurement : Kr-Imp] - Chosen selections were read successfully!
2024-03-05 11:43:38 - INFO - [Measurement : Kr-Imp] - Saving finished in 0.2862052917480469 seconds.
2024-03-05 11:46:08 - INFO - [Measurement : Xe-Imp] - Chosen selections were read successfully!
2024-03-05 11:46:14 - INFO - [Measurement : Xe-Imp] - Saving finished in 0.3261268138885498 seconds.
2024-03-05 11:49:07 - INFO - [Measurement : Fe-Imp] - Chosen selections were read successfully!
2024-03-05 11:49:10 - INFO - [Measurement : Fe-Imp] - Saving finished in 0.32712554931640625 seconds.
2024-03-05 11:52:15 - INFO - [Measurement : Kr-Imp] - Saving single cut finished in 0.02790522575378418 seconds.
2024-03-05 11:52:16 - INFO - [Measurement : Kr-Imp] - Saving finished in 0.29122066497802734 seconds.
2024-03-05 14:57:41 - INFO - [Measurement : XeKr-Imp] - Selection file C:\Users\niwi9751\potku\requests\20240305-KrXe-In-ZrO2.potku\Sample_02-Imp\Measurement_04-XeKr-Imp\Data\XeKr-Imp.selections was read successfully!
2024-03-05 14:58:02 - INFO - [Measurement : XeKr-Imp] - Created Energy Spectrum. Bin width: 0.025. Cut files: C:\Users\niwi9751\potku\requests\20240305-KrXe-In-ZrO2.potku\Sample_02-Imp\Measurement_04-XeKr-Imp\Data\Cuts\XeKr-Imp.Al.ERD.0.cut, C:\Users\niwi9751\potku\requests\20240305-KrXe-In-ZrO2.potku\Sample_02-Imp\Measurement_04-XeKr-Imp\Data\Cuts\XeKr-Imp.C.ERD.0.cut, C:\Users\niwi9751\potku\requests\20240305-KrXe-In-ZrO2.potku\Sample_02-Imp\Measurement_04-XeKr-Imp\Data\Cuts\XeKr-Imp.Cr.ERD.0.cut, C:\Users\niwi9751\potku\requests\20240305-KrXe-In-ZrO2.potku\Sample_02-Imp\Measurement_04-XeKr-Imp\Data\Cuts\XeKr-Imp.Fe.ERD.0.cut, C:\Users\niwi9751\potku\requests\20240305-KrXe-In-ZrO2.potku\Sample_02-Imp\Measurement_04-XeKr-Imp\Data\Cuts\XeKr-Imp.Hf.ERD.0.cut, C:\Users\niwi9751\potku\requests\20240305-KrXe-In-ZrO2.potku\Sample_02-Imp\Measurement_04-XeKr-Imp\Data\Cuts\XeKr-Imp.Kr.ERD.0.cut, C:\Users\niwi9751\potku\requests\20240305-KrXe-In-ZrO2.potku\Sample_02-Imp\Measurement_04-XeKr-Imp\Data\Cuts\XeKr-Imp.O.ERD.0.cut, C:\Users\niwi9751\potku\requests\20240305-KrXe-In-ZrO2.potku\Sample_02-Imp\Measurement_04-XeKr-Imp\Data\Cuts\XeKr-Imp.Xe.ERD.0.cut, C:\Users\niwi9751\potku\requests\20240305-KrXe-In-ZrO2.potku\Sample_02-Imp\Measurement_04-XeKr-Imp\Data\Cuts\XeKr-Imp.Zr.ERD.0.cut
2024-03-05 14:58:02 - INFO - [Measurement : XeKr-Imp] - Energy Spectrum graph points:
Al.ERD.0: (1.1;0), (1.13;0.0), (1.15;5.156), (1.18;2.565), (1.2;7.651), (1.22;6.327), (1.25;7.533999999999999), (1.27;6.253), (1.3;3.72), (1.32;4.932), (1.35;3.6719999999999997), (1.37;3.656), (1.4;3.6430000000000002), (1.42;10.865), (1.45;4.803), (1.47;3.586), (1.5;3.568), (1.52;4.742), (1.55;9.434000000000001), (1.57;4.691), (1.6;4.681), (1.62;3.4939999999999998), (1.65;6.969999999999999), (1.67;10.399999999999999), (1.7;5.76), (1.72;6.884), (1.75;8.008999999999999), (1.77;3.4209999999999994), (1.8;5.685), (1.82;1.132), (1.85;7.905999999999999), (1.87;7.8919999999999995), (1.9;10.116999999999999), (1.92;4.485), (1.95;3.354), (1.97;3.341), (2.0;2.223), (2.02;5.547000000000001), (2.05;9.959), (2.07;9.94), (2.1;6.616), (2.12;8.796000000000001), (2.15;5.485), (2.17;4.376), (2.2;6.554), (2.22;7.628), (2.25;5.4430000000000005), (2.27;6.519000000000001), (2.3;4.339), (2.32;10.828000000000001), (2.35;4.325), (2.37;1.079), (2.4;5.386), (2.42;2.151), (2.45;8.594), (2.47;6.438000000000001), (2.5;11.778), (2.52;5.347), (2.55;4.272), (2.57;6.401), (2.6;9.591), (2.62;4.259), (2.65;11.693999999999999), (2.67;3.186), (2.7;8.482000000000001), (2.72;2.1189999999999998), (2.75;4.231), (2.77;4.228), (2.8;4.224), (2.82;8.437999999999999), (2.85;9.485), (2.87;1.053), (2.9;7.363999999999999), (2.92;5.255), (2.95;5.25), (2.97;6.293999999999999), (3.0;5.24), (3.02;6.281999999999999), (3.05;4.186), (3.07;8.365), (3.1;8.36), (3.12;5.220000000000001), (3.15;4.172), (3.17;6.254), (3.2;8.334999999999999), (3.22;7.287000000000001), (3.25;8.32), (3.27;6.239), (3.3;9.350999999999999), (3.32;10.385), (3.35;12.456000000000001), (3.37;9.332999999999998), (3.4;5.182), (3.42;4.144), (3.45;12.425), (3.47;6.21), (3.5;12.408000000000003), (3.52;13.442000000000004), (3.55;6.197999999999999), (3.57;12.395999999999995), (3.6;6.194), (3.62;12.384), (3.65;13.404000000000002), (3.67;8.248), (3.7;10.301), (3.72;6.180000000000001), (3.75;5.148), (3.77;8.232), (3.8;14.405999999999999), (3.82;11.308000000000003), (3.85;9.252000000000002), (3.87;11.303999999999998), (3.9;13.350999999999996), (3.92;11.296999999999997), (3.95;9.24), (3.97;9.234), (4.0;8.208), (4.02;13.331000000000001), (4.05;15.375000000000004), (4.07;10.250000000000002), (4.1;15.374000000000002), (4.12;12.288000000000004), (4.15;8.192), (4.17;12.288000000000004), (4.2;19.444999999999997), (4.22;7.160999999999999), (4.25;7.160999999999999), (4.27;12.275999999999998), (4.3;12.266000000000002), (4.32;11.242), (4.35;9.198), (4.37;5.109), (4.4;15.315000000000005), (4.42;15.315000000000005), (4.45;11.231000000000002), (4.47;11.224999999999998), (4.5;17.339999999999996), (4.52;11.219999999999997), (4.55;11.219999999999997), (4.57;9.179999999999998), (4.6;17.328), (4.62;15.285), (4.65;13.247), (4.67;16.304), (4.7;26.493999999999982), (4.73;16.302), (4.75;16.288000000000004), (4.78;12.216000000000003), (4.8;12.216000000000003), (4.83;11.198000000000002), (4.85;16.288000000000004), (4.88;18.311999999999994), (4.9;19.322999999999993), (4.93;16.271999999999995), (4.95;18.305999999999994), (4.98;15.254999999999994), (5.0;14.237999999999994), (5.03;9.145999999999999), (5.05;19.303999999999995), (5.08;17.272), (5.1;5.08), (5.13;19.303999999999995), (5.15;12.192), (5.18;18.287999999999997), (5.2;20.319999999999993), (5.23;20.303000000000004), (5.25;11.165000000000001), (5.28;17.255000000000003), (5.3;24.360000000000007), (5.33;12.180000000000001), (5.35;18.270000000000003), (5.38;13.195000000000002), (5.4;19.285000000000004), (5.43;18.256999999999994), (5.45;15.209999999999996), (5.48;10.139999999999999), (5.5;13.181999999999997), (5.53;24.33599999999999), (5.55;16.223999999999997), (5.58;26.36399999999999), (5.6;18.251999999999995), (5.63;17.237999999999996), (5.65;21.293999999999993), (5.68;17.226), (5.7;17.220999999999997), (5.73;19.246999999999993), (5.75;18.233999999999995), (5.78;15.194999999999999), (5.8;26.33799999999998), (5.83;16.208), (5.85;15.194999999999999), (5.88;20.25999999999999), (5.9;21.27299999999999), (5.93;14.181999999999999), (5.95;18.23), (5.98;22.264000000000006), (6.0;11.132000000000003), (6.03;16.192000000000004), (6.05;18.216000000000005), (6.08;19.228000000000005), (6.1;27.32400000000001), (6.13;18.216000000000005), (6.15;15.180000000000005), (6.18;21.252000000000006), (6.2;23.276000000000007), (6.23;18.216000000000005), (6.25;10.120000000000003), (6.28;16.192000000000004), (6.3;21.252000000000006), (6.33;21.251000000000005), (6.35;18.197999999999993), (6.38;19.208999999999993), (6.4;18.197999999999993), (6.43;13.142999999999995), (6.45;20.21999999999999), (6.48;29.318999999999985), (6.5;21.23099999999999), (6.53;19.208999999999993), (6.55;25.274999999999988), (6.58;18.197999999999993), (6.6;21.23099999999999), (6.63;17.186999999999994), (6.65;26.285999999999987), (6.68;18.197999999999993), (6.7;21.23099999999999), (6.73;26.285999999999987), (6.75;23.25299999999999), (6.78;25.274999999999988), (6.8;27.296999999999986), (6.83;27.277000000000015), (6.85;20.200000000000006), (6.88;21.210000000000008), (6.9;23.23000000000001), (6.93;25.250000000000014), (6.95;26.260000000000016), (6.98;23.23000000000001), (7.0;22.22000000000001), (7.03;27.270000000000017), (7.05;16.16), (7.08;31.310000000000024), (7.1;19.190000000000005), (7.13;28.28000000000002), (7.15;26.260000000000016), (7.18;22.22000000000001), (7.2;23.23000000000001), (7.23;25.250000000000014), (7.25;25.250000000000014), (7.28;25.250000000000014), (7.3;31.310000000000024), (7.33;15.149999999999999), (7.35;21.210000000000008), (7.38;23.23000000000001), (7.4;27.270000000000017), (7.43;32.32000000000002), (7.45;25.250000000000014), (7.48;24.240000000000013), (7.5;24.240000000000013), (7.53;29.29000000000002), (7.55;27.247000000000007), (7.58;30.270000000000007), (7.6;31.279000000000007), (7.63;33.297000000000004), (7.65;33.297000000000004), (7.68;34.306000000000004), (7.7;31.279000000000007), (7.73;24.216000000000005), (7.75;18.162000000000003), (7.78;31.279000000000007), (7.8;24.216000000000005), (7.83;41.36900000000001), (7.85;28.252000000000006), (7.88;32.288000000000004), (7.9;31.279000000000007), (7.93;39.351000000000006), (7.95;29.261000000000006), (7.98;30.270000000000007), (8.0;25.225000000000005), (8.03;37.333000000000006), (8.05;30.270000000000007), (8.08;43.38700000000001), (8.1;33.297000000000004), (8.13;32.288000000000004), (8.15;19.171000000000003), (8.18;30.270000000000007), (8.2;26.234000000000005), (8.23;23.207000000000004), (8.25;21.189000000000004), (8.28;15.135000000000003), (8.3;16.144000000000002), (8.33;12.108000000000002), (8.35;4.036), (8.38;6.054), (8.4;8.072000000000001), (8.43;2.018), (8.45;4.036), (8.48;3.0269999999999997), (8.5;0.0), (8.53;0.0), (8.55;1.009), (8.58;0.0), (8.6;0.0), (8.63;1.008), (8.65;0)
C.ERD.0: (0.95;0), (0.97;0.0), (1.0;1.368), (1.02;2.7300000000000004), (1.05;1.357), (1.07;1.35), (1.1;0.0), (1.12;1.336), (1.15;0.0), (1.17;1.322), (1.2;1.316), (1.22;2.617), (1.25;1.302), (1.27;1.299), (1.3;1.292), (1.32;0.0), (1.35;0.0), (1.37;2.5549999999999997), (1.4;2.551), (1.42;7.622999999999999), (1.45;1.266), (1.47;2.524), (1.5;0.0), (1.52;3.768), (1.55;2.5060000000000002), (1.57;1.249), (1.6;1.248), (1.62;7.461000000000001), (1.65;2.482), (1.67;2.478), (1.7;0.0), (1.72;2.467), (1.75;2.463), (1.77;1.227), (1.8;0.0), (1.82;3.6740000000000004), (1.85;1.222), (1.87;3.6609999999999996), (1.9;6.091), (1.92;3.6500000000000004), (1.95;4.859), (1.97;1.212), (2.0;3.633), (2.02;3.6310000000000002), (2.05;2.417), (2.07;0.0), (2.1;3.617), (2.12;3.6129999999999995), (2.15;6.015000000000001), (2.17;3.603), (2.2;2.401), (2.22;3.5970000000000004), (2.25;2.396), (2.27;4.787), (2.3;2.392), (2.32;4.779), (2.35;3.581), (2.37;2.385), (2.4;1.192), (2.42;1.191), (2.45;3.569), (2.47;4.756), (2.5;1.188), (2.52;4.75), (2.55;1.187), (2.57;4.744), (2.6;5.927), (2.62;0.0), (2.65;0.0), (2.67;3.55), (2.7;2.366), (2.72;2.364), (2.75;1.182), (2.77;1.181), (2.8;5.905), (2.82;1.18), (2.85;3.54), (2.87;5.897), (2.9;1.179), (2.92;0.0), (2.95;2.356), (2.97;3.533), (3.0;1.177), (3.02;5.885), (3.05;0.0), (3.07;0.0), (3.1;4.704), (3.12;2.352), (3.15;4.702999999999999), (3.17;5.875), (3.2;8.225), (3.22;2.35), (3.25;4.697), (3.27;7.043999999999999), (3.3;2.348), (3.32;2.348), (3.35;2.348), (3.37;2.348), (3.4;2.347), (3.42;4.692), (3.45;7.038), (3.47;2.346), (3.5;1.173), (3.52;12.903), (3.55;3.519), (3.57;7.038), (3.6;5.865), (3.62;3.516), (3.65;3.516), (3.67;4.688), (3.7;1.172), (3.72;2.344), (3.75;5.859999999999999), (3.77;1.172), (3.8;1.172), (3.82;11.72), (3.85;5.859999999999999), (3.87;2.344), (3.9;3.516), (3.92;1.172), (3.95;7.031999999999999), (3.97;4.688), (4.0;5.865), (4.02;8.211), (4.05;8.211), (4.07;8.211), (4.1;7.038), (4.12;4.692), (4.15;9.384), (4.17;7.038), (4.2;7.038), (4.22;3.519), (4.25;3.522), (4.27;2.348), (4.3;3.522), (4.32;2.348), (4.35;1.174), (4.37;0)
Cr.ERD.0: (5.17;0), (5.2;0.0), (5.23;1.008), (5.25;0.0), (5.28;0.0), (5.3;0.0), (5.33;0.0), (5.35;1.007), (5.38;0.0), (5.4;1.007), (5.43;1.007), (5.45;0.0), (5.48;0.0), (5.5;0.0), (5.53;0.0), (5.55;0.0), (5.58;1.007), (5.6;0.0), (5.63;0.0), (5.65;0.0), (5.68;0.0), (5.7;0.0), (5.73;1.007), (5.75;1.007), (5.78;0.0), (5.8;0.0), (5.83;0.0), (5.85;0.0), (5.88;1.007), (5.9;0.0), (5.93;1.007), (5.95;2.014), (5.98;0.0), (6.0;0.0), (6.03;2.012), (6.05;1.006), (6.08;0.0), (6.1;1.006), (6.13;1.006), (6.15;0.0), (6.18;0.0), (6.2;0.0), (6.23;0.0), (6.25;0.0), (6.28;1.006), (6.3;0.0), (6.33;0.0), (6.35;0.0), (6.38;1.006), (6.4;4.024), (6.43;1.006), (6.45;1.006), (6.48;1.006), (6.5;3.018), (6.53;2.012), (6.55;2.012), (6.58;0.0), (6.6;0.0), (6.63;1.006), (6.65;1.006), (6.68;0.0), (6.7;2.012), (6.73;2.012), (6.75;0.0), (6.78;2.012), (6.8;2.012), (6.83;1.006), (6.85;0.0), (6.88;0.0), (6.9;2.012), (6.93;1.006), (6.95;0.0), (6.98;1.006), (7.0;1.006), (7.03;0.0), (7.05;2.012), (7.08;1.006), (7.1;0.0), (7.13;0.0), (7.15;0.0), (7.18;1.006), (7.2;0.0), (7.23;0.0), (7.25;0.0), (7.28;1.006), (7.3;0.0), (7.33;1.006), (7.35;0.0), (7.38;1.006), (7.4;2.012), (7.43;1.006), (7.45;2.012), (7.48;0.0), (7.5;1.006), (7.53;1.006), (7.55;2.012), (7.58;0.0), (7.6;1.006), (7.63;0.0), (7.65;0.0), (7.68;1.006), (7.7;1.006), (7.73;1.006), (7.75;2.012), (7.78;1.006), (7.8;1.006), (7.83;1.006), (7.85;0.0), (7.88;0.0), (7.9;1.006), (7.93;1.006), (7.95;0.0), (7.98;1.006), (8.0;2.012), (8.03;0.0), (8.05;0.0), (8.08;0.0), (8.1;0.0), (8.13;2.012), (8.15;1.006), (8.18;0.0), (8.2;1.006), (8.23;1.006), (8.25;0.0), (8.28;0.0), (8.3;1.006), (8.33;3.018), (8.35;1.006), (8.38;0.0), (8.4;2.012), (8.43;1.006), (8.45;0.0), (8.48;1.006), (8.5;1.006), (8.53;1.006), (8.55;3.018), (8.58;0.0), (8.6;3.018), (8.63;2.012), (8.65;0.0), (8.68;0.0), (8.7;0.0), (8.73;1.006), (8.75;1.006), (8.78;1.006), (8.8;2.012), (8.83;1.006), (8.85;0.0), (8.88;2.012), (8.9;0.0), (8.93;1.006), (8.95;2.012), (8.98;1.006), (9.0;1.006), (9.03;0.0), (9.05;2.012), (9.08;0.0), (9.1;2.011), (9.13;2.01), (9.15;0.0), (9.18;3.0149999999999997), (9.2;0.0), (9.23;1.005), (9.25;1.005), (9.28;1.005), (9.3;1.005), (9.33;3.0149999999999997), (9.35;1.005), (9.38;1.005), (9.4;0.0), (9.43;2.01), (9.45;2.01), (9.48;2.01), (9.5;2.01), (9.53;3.0149999999999997), (9.55;0.0), (9.58;1.005), (9.6;1.005), (9.63;1.005), (9.65;1.005), (9.68;1.005), (9.7;1.005), (9.73;0.0), (9.75;1.005), (9.78;0.0), (9.8;1.005), (9.83;0.0), (9.85;3.0149999999999997), (9.88;1.005), (9.9;2.01), (9.93;0.0), (9.95;1.005), (9.98;0.0), (10.0;1.005), (10.03;1.005), (10.05;2.01), (10.08;1.005), (10.1;0.0), (10.13;0.0), (10.15;2.01), (10.18;1.005), (10.2;0.0), (10.23;2.01), (10.25;0.0), (10.28;0.0), (10.3;0.0), (10.33;1.005), (10.35;2.01), (10.38;0.0), (10.4;2.01), (10.43;3.0149999999999997), (10.45;1.005), (10.48;2.01), (10.5;1.005), (10.53;0.0), (10.55;5.0249999999999995), (10.58;3.0149999999999997), (10.6;1.005), (10.63;0.0), (10.65;1.005), (10.68;0.0), (10.7;1.005), (10.73;0.0), (10.75;0.0), (10.78;1.005), (10.8;0.0), (10.83;0.0), (10.85;0.0), (10.88;1.005), (10.9;1.005), (10.93;0.0), (10.95;2.01), (10.98;1.005), (11.0;1.005), (11.03;0.0), (11.05;0.0), (11.08;1.005), (11.1;2.01), (11.13;0.0), (11.15;2.01), (11.18;1.005), (11.2;1.005), (11.23;1.005), (11.25;2.01), (11.28;0.0), (11.3;0.0), (11.33;0.0), (11.35;0.0), (11.38;1.005), (11.4;2.01), (11.43;1.005), (11.45;1.005), (11.48;1.005), (11.5;3.0149999999999997), (11.53;1.005), (11.55;0.0), (11.58;2.01), (11.6;0.0), (11.63;1.005), (11.65;0.0), (11.68;4.02), (11.7;0.0), (11.73;0.0), (11.75;2.01), (11.78;1.005), (11.8;1.005), (11.83;1.005), (11.85;0.0), (11.88;2.01), (11.9;3.0149999999999997), (11.93;0.0), (11.95;1.005), (11.98;0.0), (12.0;2.01), (12.03;0.0), (12.05;4.02), (12.08;0.0), (12.1;0.0), (12.13;1.005), (12.15;2.01), (12.18;0.0), (12.2;3.0149999999999997), (12.23;2.01), (12.25;2.01), (12.28;2.01), (12.3;1.005), (12.33;0.0), (12.35;1.005), (12.38;4.02), (12.4;0.0), (12.43;2.01), (12.45;1.005), (12.48;2.01), (12.5;0.0), (12.53;1.005), (12.55;1.005), (12.58;1.005), (12.6;1.005), (12.63;2.01), (12.65;0.0), (12.68;3.0149999999999997), (12.7;0.0), (12.73;1.005), (12.75;1.005), (12.78;0.0), (12.8;1.005), (12.83;0.0), (12.85;4.02), (12.88;0.0), (12.9;1.005), (12.93;2.01), (12.95;1.005), (12.98;1.005), (13.0;2.01), (13.03;2.01), (13.05;1.005), (13.08;0.0), (13.1;2.01), (13.13;1.005), (13.15;2.01), (13.18;0.0), (13.2;1.005), (13.23;0.0), (13.25;0.0), (13.28;1.005), (13.3;0.0), (13.33;2.01), (13.35;0.0), (13.38;3.0149999999999997), (13.4;0.0), (13.43;0.0), (13.45;1.005), (13.48;0.0), (13.5;1.005), (13.53;0.0), (13.55;1.005), (13.58;0.0), (13.6;0.0), (13.63;1.005), (13.65;0)
Fe.ERD.0: (1.35;0), (1.38;0.0), (1.4;2.6470000000000002), (1.43;0.0), (1.45;1.305), (1.47;0.0), (1.5;0.0), (1.52;1.285), (1.55;1.279), (1.57;2.535), (1.6;0.0), (1.62;1.254), (1.65;0.0), (1.67;2.4850000000000003), (1.7;0.0), (1.72;0.0), (1.75;0.0), (1.77;0.0), (1.8;1.213), (1.82;0.0), (1.85;0.0), (1.87;0.0), (1.9;0.0), (1.92;0.0), (1.95;1.183), (1.97;0.0), (2.0;1.177), (2.02;0.0), (2.05;0.0), (2.07;1.165), (2.1;0.0), (2.12;0.0), (2.15;1.151), (2.17;0.0), (2.2;0.0), (2.22;0.0), (2.25;1.137), (2.27;3.405), (2.3;0.0), (2.32;0.0), (2.35;0.0), (2.37;0.0), (2.4;0.0), (2.42;0.0), (2.45;0.0), (2.47;1.109), (2.5;0.0), (2.52;0.0), (2.55;0.0), (2.57;2.201), (2.6;0.0), (2.62;0.0), (2.65;1.094), (2.67;0.0), (2.7;0.0), (2.72;0.0), (2.75;0.0), (2.77;2.165), (2.8;0.0), (2.82;1.079), (2.85;0.0), (2.87;1.076), (2.9;0.0), (2.92;1.073), (2.95;0.0), (2.97;0.0), (3.0;0.0), (3.02;0.0), (3.05;1.065), (3.07;0.0), (3.1;0.0), (3.12;0.0), (3.15;0.0), (3.17;0.0), (3.2;0.0), (3.22;0.0), (3.25;0.0), (3.27;1.053), (3.3;0.0), (3.32;0.0), (3.35;0.0), (3.37;1.048), (3.4;0.0), (3.42;1.046), (3.45;0.0), (3.47;0.0), (3.5;0.0), (3.52;0.0), (3.55;0.0), (3.57;1.041), (3.6;0.0), (3.62;0.0), (3.65;1.038), (3.67;0.0), (3.7;1.036), (3.72;0.0), (3.75;0.0), (3.77;1.034), (3.8;1.034), (3.82;0.0), (3.85;1.032), (3.87;0.0), (3.9;0.0), (3.92;0.0), (3.95;0.0), (3.97;0.0), (4.0;0.0), (4.02;0.0), (4.05;1.027), (4.07;0.0), (4.1;0.0), (4.12;1.026), (4.15;0.0), (4.17;0.0), (4.2;0.0), (4.22;0.0), (4.25;0.0), (4.27;0.0), (4.3;0.0), (4.32;0.0), (4.35;0.0), (4.37;0.0), (4.4;0.0), (4.42;2.042), (4.45;0.0), (4.47;0.0), (4.5;0.0), (4.52;0.0), (4.55;0.0), (4.57;0.0), (4.6;0.0), (4.62;1.018), (4.65;0.0), (4.68;0.0), (4.7;0.0), (4.73;0.0), (4.75;0.0), (4.78;0.0), (4.8;0.0), (4.83;0.0), (4.85;0.0), (4.88;0.0), (4.9;0.0), (4.93;0.0), (4.95;0.0), (4.98;0.0), (5.0;0.0), (5.03;0.0), (5.05;0.0), (5.08;1.014), (5.1;0.0), (5.13;0.0), (5.15;0.0), (5.18;0.0), (5.2;0.0), (5.23;0.0), (5.25;0.0), (5.28;0.0), (5.3;0.0), (5.33;0.0), (5.35;0.0), (5.38;0.0), (5.4;0.0), (5.43;1.011), (5.45;0.0), (5.48;0.0), (5.5;0.0), (5.53;0.0), (5.55;0.0), (5.58;0.0), (5.6;0.0), (5.63;0.0), (5.65;0.0), (5.68;1.01), (5.7;0.0), (5.73;0.0), (5.75;0.0), (5.78;0.0), (5.8;0.0), (5.83;1.009), (5.85;0.0), (5.88;0.0), (5.9;0.0), (5.93;0.0), (5.95;0.0), (5.98;0.0), (6.0;0.0), (6.03;0.0), (6.05;0.0), (6.08;0.0), (6.1;0.0), (6.13;0.0), (6.15;0.0), (6.18;0.0), (6.2;0.0), (6.23;0.0), (6.25;0.0), (6.28;0.0), (6.3;0.0), (6.33;0.0), (6.35;0.0), (6.38;0.0), (6.4;0.0), (6.43;0.0), (6.45;0.0), (6.48;0.0), (6.5;0.0), (6.53;0.0), (6.55;0.0), (6.58;0.0), (6.6;0.0), (6.63;0.0), (6.65;0.0), (6.68;0.0), (6.7;0.0), (6.73;0.0), (6.75;0.0), (6.78;0.0), (6.8;0.0), (6.83;0.0), (6.85;0.0), (6.88;2.014), (6.9;0.0), (6.93;0.0), (6.95;0.0), (6.98;1.007), (7.0;0.0), (7.03;0.0), (7.05;0.0), (7.08;0.0), (7.1;0.0), (7.13;0.0), (7.15;0.0), (7.18;0.0), (7.2;0.0), (7.23;0.0), (7.25;0.0), (7.28;0.0), (7.3;0.0), (7.33;0.0), (7.35;0.0), (7.38;0.0), (7.4;0.0), (7.43;0.0), (7.45;0.0), (7.48;0.0), (7.5;0.0), (7.53;0.0), (7.55;0.0), (7.58;0.0), (7.6;0.0), (7.63;0.0), (7.65;1.006), (7.68;0.0), (7.7;0.0), (7.73;0.0), (7.75;0.0), (7.78;0.0), (7.8;0.0), (7.83;0.0), (7.85;0.0), (7.88;0.0), (7.9;0.0), (7.93;0.0), (7.95;0.0), (7.98;0.0), (8.0;0.0), (8.03;0.0), (8.05;0.0), (8.08;0.0), (8.1;0.0), (8.13;0.0), (8.15;0.0), (8.18;0.0), (8.2;0.0), (8.23;0.0), (8.25;0.0), (8.28;0.0), (8.3;0.0), (8.33;0.0), (8.35;0.0), (8.38;0.0), (8.4;1.006), (8.43;0.0), (8.45;0.0), (8.48;0.0), (8.5;0.0), (8.53;1.006), (8.55;0.0), (8.58;0.0), (8.6;0.0), (8.63;0.0), (8.65;0.0), (8.68;0.0), (8.7;0.0), (8.73;1.006), (8.75;0.0), (8.78;0.0), (8.8;0.0), (8.83;0.0), (8.85;0.0), (8.88;0.0), (8.9;0.0), (8.93;0.0), (8.95;0.0), (8.98;0.0), (9.0;0.0), (9.03;0.0), (9.05;0.0), (9.08;0.0), (9.1;0.0), (9.13;0.0), (9.15;1.006), (9.18;0.0), (9.2;0.0), (9.23;1.006), (9.25;0.0), (9.28;0.0), (9.3;0.0), (9.33;0.0), (9.35;0.0), (9.38;0.0), (9.4;0.0), (9.43;0.0), (9.45;0.0), (9.48;1.006), (9.5;1.006), (9.53;0.0), (9.55;0.0), (9.58;0.0), (9.6;0.0), (9.63;0.0), (9.65;0.0), (9.68;0.0), (9.7;0.0), (9.73;0.0), (9.75;1.006), (9.78;0.0), (9.8;0.0), (9.83;0.0), (9.85;0.0), (9.88;0.0), (9.9;0.0), (9.93;0.0), (9.95;0.0), (9.98;0.0), (10.0;0.0), (10.03;0.0), (10.05;0.0), (10.08;0.0), (10.1;0.0), (10.13;0.0), (10.15;0.0), (10.18;0.0), (10.2;0.0), (10.23;0.0), (10.25;0.0), (10.28;0.0), (10.3;0.0), (10.33;0.0), (10.35;0.0), (10.38;0.0), (10.4;0.0), (10.43;0.0), (10.45;0.0), (10.48;0.0), (10.5;0.0), (10.53;0.0), (10.55;0.0), (10.58;0.0), (10.6;0.0), (10.63;0.0), (10.65;0.0), (10.68;0.0), (10.7;0.0), (10.73;0.0), (10.75;0.0), (10.78;0.0), (10.8;0.0), (10.83;0.0), (10.85;0.0), (10.88;0.0), (10.9;0.0), (10.93;0.0), (10.95;0.0), (10.98;0.0), (11.0;0.0), (11.03;0.0), (11.05;1.005), (11.08;0.0), (11.1;0.0), (11.13;0.0), (11.15;1.005), (11.18;0.0), (11.2;0.0), (11.23;0.0), (11.25;0.0), (11.28;0.0), (11.3;0.0), (11.33;0.0), (11.35;0.0), (11.38;0.0), (11.4;0.0), (11.43;0.0), (11.45;0.0), (11.48;0.0), (11.5;0.0), (11.53;0.0), (11.55;0.0), (11.58;0.0), (11.6;0.0), (11.63;0.0), (11.65;0.0), (11.68;0.0), (11.7;0.0), (11.73;0.0), (11.75;0.0), (11.78;0.0), (11.8;0.0), (11.83;0.0), (11.85;0.0), (11.88;0.0), (11.9;0.0), (11.93;0.0), (11.95;0.0), (11.98;0.0), (12.0;0.0), (12.03;1.005), (12.05;0.0), (12.08;0.0), (12.1;0.0), (12.13;0.0), (12.15;0.0), (12.18;0.0), (12.2;0.0), (12.23;0.0), (12.25;0.0), (12.28;0.0), (12.3;0.0), (12.33;0.0), (12.35;0.0), (12.38;0.0), (12.4;0.0), (12.43;0.0), (12.45;1.005), (12.48;0)
Hf.ERD.0: (7.47;0), (7.5;0.0), (7.53;1.0), (7.55;1.0), (7.58;2.0), (7.6;3.0), (7.63;2.0), (7.65;1.0), (7.68;4.0), (7.7;1.0), (7.73;0.0), (7.75;2.0), (7.78;0.0), (7.8;3.0), (7.83;0.0), (7.85;2.0), (7.88;1.0), (7.9;3.0), (7.93;1.0), (7.95;2.0), (7.98;1.0), (8.0;1.0), (8.03;2.0), (8.05;0.0), (8.08;1.0), (8.1;3.0), (8.13;1.0), (8.15;1.0), (8.18;3.0), (8.2;2.0), (8.23;2.0), (8.25;2.0), (8.28;3.0), (8.3;1.0), (8.33;2.0), (8.35;1.0), (8.38;2.0), (8.4;4.0), (8.43;0.0), (8.45;3.0), (8.48;1.0), (8.5;3.0), (8.53;2.0), (8.55;0.0), (8.58;0.0), (8.6;0.0), (8.63;1.0), (8.65;3.0), (8.68;0.0), (8.7;1.0), (8.73;1.0), (8.75;4.0), (8.78;4.0), (8.8;3.0), (8.83;0.0), (8.85;3.0), (8.88;2.0), (8.9;1.0), (8.93;3.0), (8.95;0.0), (8.98;1.0), (9.0;0.0), (9.03;1.0), (9.05;1.0), (9.08;1.0), (9.1;1.0), (9.13;1.0), (9.15;2.0), (9.18;4.0), (9.2;1.0), (9.23;2.0), (9.25;1.0), (9.28;1.0), (9.3;0.0), (9.33;0.0), (9.35;2.0), (9.38;1.0), (9.4;0.0), (9.43;1.0), (9.45;0.0), (9.48;1.0), (9.5;0.0), (9.53;1.0), (9.55;4.0), (9.58;1.0), (9.6;0.0), (9.63;1.0), (9.65;1.0), (9.68;1.0), (9.7;1.0), (9.73;0.0), (9.75;1.0), (9.78;2.0), (9.8;1.0), (9.83;0.0), (9.85;3.0), (9.88;1.0), (9.9;1.0), (9.93;1.0), (9.95;0.0), (9.98;0.0), (10.0;0.0), (10.03;1.0), (10.05;1.0), (10.08;1.0), (10.1;0.0), (10.13;1.0), (10.15;1.0), (10.18;2.0), (10.2;2.0), (10.23;1.0), (10.25;2.0), (10.28;1.0), (10.3;0.0), (10.33;1.0), (10.35;1.0), (10.38;1.0), (10.4;0.0), (10.43;2.0), (10.45;1.0), (10.48;0.0), (10.5;0.0), (10.53;0.0), (10.55;1.0), (10.58;0.0), (10.6;4.0), (10.63;1.0), (10.65;0.0), (10.68;2.0), (10.7;1.0), (10.73;2.0), (10.75;1.0), (10.78;1.0), (10.8;2.0), (10.83;4.0), (10.85;0.0), (10.88;2.0), (10.9;1.0), (10.93;0.0), (10.95;1.0), (10.98;1.0), (11.0;4.0), (11.03;2.0), (11.05;2.0), (11.08;0.0), (11.1;2.0), (11.13;2.0), (11.15;3.0), (11.18;1.0), (11.2;1.0), (11.23;0.0), (11.25;1.0), (11.28;2.0), (11.3;1.0), (11.33;3.0), (11.35;0.0), (11.38;2.0), (11.4;0.0), (11.43;1.0), (11.45;0.0), (11.48;1.0), (11.5;0.0), (11.53;1.0), (11.55;0.0), (11.58;3.0), (11.6;1.0), (11.63;2.0), (11.65;3.0), (11.68;1.0), (11.7;1.0), (11.73;0.0), (11.75;2.0), (11.78;3.0), (11.8;1.0), (11.83;1.0), (11.85;2.0), (11.88;2.0), (11.9;2.0), (11.93;2.0), (11.95;0.0), (11.98;1.0), (12.0;1.0), (12.03;0.0), (12.05;0.0), (12.08;0.0), (12.1;0.0), (12.13;1.0), (12.15;1.0), (12.18;0.0), (12.2;0.0), (12.23;2.0), (12.25;1.0), (12.28;1.0), (12.3;0.0), (12.33;0.0), (12.35;0.0), (12.38;2.0), (12.4;2.0), (12.43;0.0), (12.45;2.0), (12.48;2.0), (12.5;0.0), (12.53;0.0), (12.55;1.0), (12.58;3.0), (12.6;0.0), (12.63;0.0), (12.65;0.0), (12.68;0.0), (12.7;3.0), (12.73;2.0), (12.75;2.0), (12.78;2.0), (12.8;1.0), (12.83;0.0), (12.85;0.0), (12.88;1.0), (12.9;1.0), (12.93;0.0), (12.95;0.0), (12.98;1.0), (13.0;1.0), (13.03;1.0), (13.05;3.0), (13.08;1.0), (13.1;1.0), (13.13;0.0), (13.15;0.0), (13.18;2.0), (13.2;0.0), (13.23;0.0), (13.25;0.0), (13.28;0.0), (13.3;0.0), (13.33;3.0), (13.35;1.0), (13.38;3.0), (13.4;2.0), (13.43;2.0), (13.45;0.0), (13.48;1.0), (13.5;2.0), (13.53;0.0), (13.55;1.0), (13.58;0.0), (13.6;2.0), (13.63;0.0), (13.65;1.0), (13.68;1.0), (13.7;0.0), (13.73;2.0), (13.75;0.0), (13.78;1.0), (13.8;1.0), (13.83;0.0), (13.85;1.0), (13.88;0.0), (13.9;0.0), (13.93;0.0), (13.95;1.0), (13.98;0.0), (14.0;0.0), (14.03;0.0), (14.05;0.0), (14.08;0.0), (14.1;1.0), (14.13;0.0), (14.15;1.0), (14.18;0.0), (14.2;1.0), (14.23;2.0), (14.25;1.0), (14.28;1.0), (14.3;1.0), (14.33;0.0), (14.35;1.0), (14.38;0.0), (14.4;2.0), (14.43;4.0), (14.45;1.0), (14.48;1.0), (14.5;0.0), (14.53;0.0), (14.55;1.0), (14.58;0.0), (14.6;0.0), (14.63;1.0), (14.65;0.0), (14.68;1.0), (14.7;3.0), (14.73;2.0), (14.75;0.0), (14.78;0.0), (14.8;0.0), (14.83;0.0), (14.85;1.0), (14.88;1.0), (14.9;2.0), (14.93;1.0), (14.95;0.0), (14.98;0.0), (15.0;0.0), (15.03;1.0), (15.05;2.0), (15.08;0.0), (15.1;2.0), (15.13;1.0), (15.15;1.0), (15.18;1.0), (15.2;0.0), (15.23;1.0), (15.25;1.0), (15.28;4.0), (15.3;0.0), (15.33;0.0), (15.35;1.0), (15.38;0.0), (15.4;1.0), (15.43;0.0), (15.45;0.0), (15.48;0.0), (15.5;1.0), (15.53;1.0), (15.55;0.0), (15.58;0.0), (15.6;0.0), (15.63;1.0), (15.65;3.0), (15.68;0.0), (15.7;0.0), (15.73;0.0), (15.75;0.0), (15.78;0.0), (15.8;1.0), (15.83;0.0), (15.85;0.0), (15.88;0.0), (15.9;0.0), (15.93;2.0), (15.95;3.0), (15.98;0.0), (16.0;0.0), (16.03;1.0), (16.05;0.0), (16.08;0.0), (16.1;0.0), (16.13;0.0), (16.15;0.0), (16.18;0.0), (16.2;0.0), (16.23;3.0), (16.25;0.0), (16.28;0.0), (16.3;1.0), (16.33;1.0), (16.35;0.0), (16.38;0.0), (16.4;1.0), (16.43;0.0), (16.45;0.0), (16.48;2.0), (16.5;1.0), (16.53;1.0), (16.55;1.0), (16.58;1.0), (16.6;1.0), (16.63;0.0), (16.65;1.0), (16.68;0.0), (16.7;2.0), (16.73;0.0), (16.75;0.0), (16.78;0.0), (16.8;0.0), (16.83;1.0), (16.85;0.0), (16.88;1.0), (16.9;0.0), (16.93;1.0), (16.95;0.0), (16.98;0.0), (17.0;1.0), (17.03;0.0), (17.05;2.0), (17.08;0.0), (17.1;0.0), (17.13;1.0), (17.15;1.0), (17.18;0.0), (17.2;0.0), (17.23;0.0), (17.25;0.0), (17.28;0.0), (17.3;0.0), (17.33;0.0), (17.35;0.0), (17.38;0.0), (17.4;1.0), (17.43;0.0), (17.45;0.0), (17.48;1.0), (17.5;0.0), (17.53;0.0), (17.55;0.0), (17.58;1.0), (17.6;3.0), (17.63;1.0), (17.65;0.0), (17.68;0.0), (17.7;0.0), (17.73;1.0), (17.75;0.0), (17.78;1.0), (17.8;0.0), (17.83;0.0), (17.85;1.0), (17.88;0.0), (17.9;0.0), (17.93;1.0), (17.95;0.0), (17.98;0.0), (18.0;1.0), (18.03;0.0), (18.05;0.0), (18.08;1.0), (18.1;1.0), (18.12;1.0), (18.15;0.0), (18.17;2.0), (18.2;1.0), (18.22;0.0), (18.25;0.0), (18.27;0.0), (18.3;0.0), (18.32;1.0), (18.35;1.0), (18.37;0.0), (18.4;0.0), (18.42;1.0), (18.45;0.0), (18.47;0.0), (18.5;0.0), (18.52;0.0), (18.55;0.0), (18.57;0.0), (18.6;1.0), (18.62;1.0), (18.65;0.0), (18.67;1.0), (18.7;1.0), (18.72;1.0), (18.75;0.0), (18.77;1.0), (18.8;1.0), (18.82;1.0), (18.85;0.0), (18.87;0.0), (18.9;0.0), (18.92;0.0), (18.95;0.0), (18.97;0.0), (19.0;1.0), (19.02;0.0), (19.05;0.0), (19.07;0.0), (19.1;0.0), (19.12;1.0), (19.15;1.0), (19.17;0.0), (19.2;0.0), (19.22;0.0), (19.25;1.0), (19.27;1.0), (19.3;0.0), (19.32;0.0), (19.35;0.0), (19.37;0.0), (19.4;0.0), (19.42;1.0), (19.45;0.0), (19.47;0.0), (19.5;0.0), (19.52;2.0), (19.55;1.0), (19.57;0.0), (19.6;0.0), (19.62;1.0), (19.65;0.0), (19.67;1.0), (19.7;0.0), (19.72;0.0), (19.75;0.0), (19.77;0.0), (19.8;0.0), (19.82;1.0), (19.85;0.0), (19.87;1.0), (19.9;0.0), (19.92;2.0), (19.95;1.0), (19.97;0.0), (20.0;0.0), (20.02;0.0), (20.05;1.0), (20.07;0.0), (20.1;0.0), (20.12;0.0), (20.15;0.0), (20.17;0.0), (20.2;1.0), (20.22;0.0), (20.25;0.0), (20.27;0.0), (20.3;0.0), (20.32;0.0), (20.35;0.0), (20.37;0.0), (20.4;1.0), (20.42;0.0), (20.45;1.0), (20.47;0.0), (20.5;0.0), (20.52;0.0), (20.55;0.0), (20.57;0.0), (20.6;0.0), (20.62;0.0), (20.65;0.0), (20.67;0.0), (20.7;0.0), (20.72;0.0), (20.75;0.0), (20.77;0.0), (20.8;0.0), (20.82;0.0), (20.85;0.0), (20.87;0.0), (20.9;0.0), (20.92;0.0), (20.95;0.0), (20.97;0.0), (21.0;0.0), (21.02;0.0), (21.05;1.0), (21.07;0.0), (21.1;0.0), (21.12;0.0), (21.15;0.0), (21.17;0.0), (21.2;0.0), (21.22;0.0), (21.25;0.0), (21.27;0.0), (21.3;1.0), (21.32;0.0), (21.35;0.0), (21.37;0.0), (21.4;0.0), (21.42;0.0), (21.45;0.0), (21.47;0.0), (21.5;0.0), (21.52;0.0), (21.55;0.0), (21.57;0.0), (21.6;0.0), (21.62;0.0), (21.65;0.0), (21.67;0.0), (21.7;0.0), (21.72;0.0), (21.75;0.0), (21.77;0.0), (21.8;0.0), (21.82;0.0), (21.85;0.0), (21.87;1.0), (21.9;0)
Kr.ERD.0: (3.38;0), (3.4;0.0), (3.43;1.0), (3.45;1.0), (3.48;2.0), (3.5;1.0), (3.52;3.0), (3.55;1.0), (3.57;0.0), (3.6;2.0), (3.62;0.0), (3.65;2.0), (3.67;4.0), (3.7;2.0), (3.72;1.0), (3.75;1.0), (3.77;5.0), (3.8;1.0), (3.82;3.0), (3.85;2.0), (3.87;3.0), (3.9;1.0), (3.92;0.0), (3.95;2.0), (3.97;1.0), (4.0;2.0), (4.02;3.0), (4.05;0.0), (4.07;1.0), (4.1;1.0), (4.12;2.0), (4.15;2.0), (4.18;1.0), (4.2;1.0), (4.23;0.0), (4.25;4.0), (4.28;2.0), (4.3;0.0), (4.33;2.0), (4.35;2.0), (4.38;1.0), (4.4;2.0), (4.43;0.0), (4.45;0.0), (4.48;0.0), (4.5;0.0), (4.53;0.0), (4.55;4.0), (4.58;1.0), (4.6;0.0), (4.63;1.0), (4.65;5.0), (4.68;1.0), (4.7;2.0), (4.73;1.0), (4.75;3.0), (4.78;4.0), (4.8;2.0), (4.83;0.0), (4.85;2.0), (4.88;3.0), (4.9;4.0), (4.93;5.0), (4.95;3.0), (4.98;2.0), (5.0;3.0), (5.03;1.0), (5.05;4.0), (5.08;7.0), (5.1;2.0), (5.13;3.0), (5.15;3.0), (5.18;9.0), (5.2;4.0), (5.23;1.0), (5.25;3.0), (5.28;3.0), (5.3;1.0), (5.33;2.0), (5.35;4.0), (5.38;2.0), (5.4;5.0), (5.43;1.0), (5.45;0.0), (5.48;3.0), (5.5;2.0), (5.53;3.0), (5.55;2.0), (5.58;10.0), (5.6;3.0), (5.63;1.0), (5.65;6.0), (5.68;4.0), (5.7;7.0), (5.73;7.0), (5.75;1.0), (5.78;3.0), (5.8;8.0), (5.83;4.0), (5.85;5.0), (5.88;5.0), (5.9;7.0), (5.93;5.0), (5.95;5.0), (5.98;6.0), (6.0;4.0), (6.03;4.0), (6.05;6.0), (6.08;12.0), (6.1;6.0), (6.13;10.0), (6.15;12.0), (6.18;5.0), (6.2;5.0), (6.23;4.0), (6.25;3.0), (6.28;3.0), (6.3;4.0), (6.33;5.0), (6.35;7.0), (6.38;3.0), (6.4;7.0), (6.43;6.0), (6.45;3.0), (6.48;2.0), (6.5;7.0), (6.53;8.0), (6.55;5.0), (6.58;4.0), (6.6;1.0), (6.63;5.0), (6.65;5.0), (6.68;2.0), (6.7;2.0), (6.73;1.0), (6.75;1.0), (6.78;6.0), (6.8;4.0), (6.83;3.0), (6.85;4.0), (6.88;2.0), (6.9;5.0), (6.93;1.0), (6.95;2.0), (6.98;4.0), (7.0;1.0), (7.03;0.0), (7.05;3.0), (7.08;3.0), (7.1;6.0), (7.13;0.0), (7.15;2.0), (7.18;2.0), (7.2;4.0), (7.23;5.0), (7.25;2.0), (7.28;4.0), (7.3;1.0), (7.33;2.0), (7.35;6.0), (7.38;2.0), (7.4;5.0), (7.43;3.0), (7.45;5.0), (7.48;5.0), (7.5;1.0), (7.53;2.0), (7.55;9.0), (7.58;5.0), (7.6;3.0), (7.63;6.0), (7.65;3.0), (7.68;2.0), (7.7;6.0), (7.73;6.0), (7.75;3.0), (7.78;3.0), (7.8;7.0), (7.83;7.0), (7.85;3.0), (7.88;11.0), (7.9;6.0), (7.93;9.0), (7.95;4.0), (7.98;1.0), (8.0;7.0), (8.03;7.0), (8.05;11.0), (8.08;5.0), (8.1;10.0), (8.13;4.0), (8.15;5.0), (8.18;4.0), (8.2;4.0), (8.23;2.0), (8.25;5.0), (8.28;2.0), (8.3;3.0), (8.33;4.0), (8.35;2.0), (8.38;3.0), (8.4;2.0), (8.43;4.0), (8.45;1.0), (8.48;4.0), (8.5;4.0), (8.53;6.0), (8.55;3.0), (8.58;3.0), (8.6;2.0), (8.63;1.0), (8.65;3.0), (8.68;4.0), (8.7;2.0), (8.73;3.0), (8.75;5.0), (8.78;1.0), (8.8;3.0), (8.83;2.0), (8.85;5.0), (8.88;5.0), (8.9;2.0), (8.93;7.0), (8.95;2.0), (8.98;2.0), (9.0;2.0), (9.03;4.0), (9.05;2.0), (9.08;3.0), (9.1;6.0), (9.13;6.0), (9.15;6.0), (9.18;2.0), (9.2;2.0), (9.23;5.0), (9.25;5.0), (9.28;3.0), (9.3;6.0), (9.33;6.0), (9.35;5.0), (9.38;5.0), (9.4;4.0), (9.43;3.0), (9.45;2.0), (9.48;8.0), (9.5;3.0), (9.53;5.0), (9.55;2.0), (9.58;7.0), (9.6;5.0), (9.63;2.0), (9.65;2.0), (9.68;6.0), (9.7;6.0), (9.73;5.0), (9.75;3.0), (9.78;6.0), (9.8;4.0), (9.83;1.0), (9.85;3.0), (9.88;3.0), (9.9;8.0), (9.93;5.0), (9.95;5.0), (9.98;5.0), (10.0;2.0), (10.03;4.0), (10.05;5.0), (10.08;5.0), (10.1;5.0), (10.13;4.0), (10.15;3.0), (10.18;3.0), (10.2;4.0), (10.23;3.0), (10.25;9.0), (10.28;3.0), (10.3;1.0), (10.33;4.0), (10.35;8.0), (10.38;1.0), (10.4;6.0), (10.43;2.0), (10.45;6.0), (10.48;6.0), (10.5;6.0), (10.53;4.0), (10.55;1.0), (10.58;4.0), (10.6;7.0), (10.63;4.0), (10.65;1.0), (10.68;2.0), (10.7;4.0), (10.73;5.0), (10.75;3.0), (10.78;6.0), (10.8;4.0), (10.83;5.0), (10.85;1.0), (10.88;6.0), (10.9;3.0), (10.93;1.0), (10.95;5.0), (10.98;5.0), (11.0;3.0), (11.03;3.0), (11.05;4.0), (11.08;6.0), (11.1;6.0), (11.13;6.0), (11.15;6.0), (11.18;8.0), (11.2;2.0), (11.23;9.0), (11.25;8.0), (11.28;6.0), (11.3;4.0), (11.33;2.0), (11.35;8.0), (11.38;5.0), (11.4;5.0), (11.43;5.0), (11.45;5.0), (11.48;5.0), (11.5;7.0), (11.53;6.0), (11.55;5.0), (11.58;5.0), (11.6;4.0), (11.63;5.0), (11.65;7.0), (11.68;6.0), (11.7;7.0), (11.73;9.0), (11.75;12.0), (11.78;8.0), (11.8;4.0), (11.83;6.0), (11.85;7.0), (11.88;6.0), (11.9;5.0), (11.93;9.0), (11.95;5.0), (11.98;2.0), (12.0;6.0), (12.03;7.0), (12.05;1.0), (12.08;5.0), (12.1;4.0), (12.13;6.0), (12.15;7.0), (12.18;8.0), (12.2;11.0), (12.23;13.0), (12.25;7.0), (12.28;4.0), (12.3;7.0), (12.33;4.0), (12.35;5.0), (12.38;6.0), (12.4;9.0), (12.43;5.0), (12.45;6.0), (12.48;12.0), (12.5;3.0), (12.53;9.0), (12.55;5.0), (12.58;4.0), (12.6;6.0), (12.63;2.0), (12.65;4.0), (12.68;12.0), (12.7;8.0), (12.73;2.0), (12.75;4.0), (12.78;3.0), (12.8;3.0), (12.83;5.0), (12.85;2.0), (12.88;6.0), (12.9;6.0), (12.93;3.0), (12.95;5.0), (12.98;3.0), (13.0;7.0), (13.03;4.0), (13.05;5.0), (13.08;7.0), (13.1;4.0), (13.13;7.0), (13.15;6.0), (13.18;3.0), (13.2;3.0), (13.23;7.0), (13.25;9.0), (13.28;3.0), (13.3;2.0), (13.33;1.0), (13.35;5.0), (13.38;4.0), (13.4;4.0), (13.43;2.0), (13.45;4.0), (13.48;1.0), (13.5;5.0), (13.53;7.0), (13.55;7.0), (13.58;9.0), (13.6;5.0), (13.63;4.0), (13.65;6.0), (13.68;2.0), (13.7;7.0), (13.73;7.0), (13.75;6.0), (13.78;1.0), (13.8;1.0), (13.83;0.0), (13.85;1.0), (13.88;6.0), (13.9;8.0), (13.93;0.0), (13.95;3.0), (13.98;3.0), (14.0;4.0), (14.03;2.0), (14.05;6.0), (14.08;8.0), (14.1;4.0), (14.13;4.0), (14.15;4.0), (14.18;8.0), (14.2;4.0), (14.23;4.0), (14.25;5.0), (14.28;3.0), (14.3;4.0), (14.33;6.0), (14.35;4.0), (14.38;2.0), (14.4;11.0), (14.43;4.0), (14.45;6.0), (14.48;6.0), (14.5;8.0), (14.53;5.0), (14.55;5.0), (14.58;4.0), (14.6;3.0), (14.63;4.0), (14.65;7.0), (14.68;4.0), (14.7;4.0), (14.73;4.0), (14.75;3.0), (14.78;4.0), (14.8;4.0), (14.83;4.0), (14.85;2.0), (14.88;5.0), (14.9;9.0), (14.93;3.0), (14.95;2.0), (14.98;2.0), (15.0;3.0), (15.03;7.0), (15.05;9.0), (15.08;2.0), (15.1;6.0), (15.13;1.0), (15.15;4.0), (15.18;8.0), (15.2;7.0), (15.23;5.0), (15.25;5.0), (15.28;3.0), (15.3;4.0), (15.33;2.0), (15.35;6.0), (15.38;3.0), (15.4;4.0), (15.43;0.0), (15.45;6.0), (15.48;3.0), (15.5;4.0), (15.53;6.0), (15.55;1.0), (15.58;4.0), (15.6;4.0), (15.63;4.0), (15.65;6.0), (15.68;2.0), (15.7;9.0), (15.73;3.0), (15.75;7.0), (15.78;2.0), (15.8;1.0), (15.83;3.0), (15.85;4.0), (15.88;4.0), (15.9;2.0), (15.93;0.0), (15.95;5.0), (15.98;3.0), (16.0;1.0), (16.03;2.0), (16.05;4.0), (16.08;2.0), (16.1;2.0), (16.13;3.0), (16.15;2.0), (16.18;1.0), (16.2;2.0), (16.23;0.0), (16.25;0.0), (16.28;1.0), (16.3;2.0), (16.33;3.0), (16.35;1.0), (16.38;2.0), (16.4;3.0), (16.43;0.0), (16.45;1.0), (16.48;0.0), (16.5;3.0), (16.53;0.0), (16.55;0.0), (16.58;0.0), (16.6;1.0), (16.63;0.0), (16.65;3.0), (16.68;0.0), (16.7;1.0), (16.73;0.0), (16.75;1.0), (16.78;1.0), (16.8;0.0), (16.83;0.0), (16.85;1.0), (16.88;0.0), (16.9;0.0), (16.93;0.0), (16.95;0.0), (16.98;0.0), (17.0;0.0), (17.03;0.0), (17.05;1.0), (17.08;0.0), (17.1;0.0), (17.13;1.0), (17.15;0.0), (17.18;1.0), (17.2;0.0), (17.23;0.0), (17.25;1.0), (17.28;0.0), (17.3;0.0), (17.33;0.0), (17.35;1.0), (17.38;0.0), (17.4;0.0), (17.43;0.0), (17.45;0.0), (17.48;0.0), (17.5;1.0), (17.53;0)
O.ERD.0: (0.72;0), (0.75;0.0), (0.78;1.435), (0.8;8.519), (0.83;16.880999999999997), (0.85;26.443), (0.88;45.38199999999999), (0.9;53.098), (0.93;78.22599999999997), (0.95;109.59999999999994), (0.98;131.02099999999996), (1.0;128.60400000000016), (1.03;203.12100000000038), (1.05;223.49200000000008), (1.07;260.15299999999985), (1.1;279.89499999999947), (1.12;298.2750000000006), (1.15;334.0209999999996), (1.17;283.05000000000064), (1.2;327.3060000000016), (1.22;315.6590000000004), (1.25;324.9609999999997), (1.27;376.87500000000006), (1.3;367.66499999999974), (1.32;287.39799999999906), (1.35;319.7759999999994), (1.37;342.1480000000001), (1.4;341.8500000000005), (1.42;383.2800000000011), (1.45;378.2299999999996), (1.47;370.82499999999914), (1.5;353.06000000000125), (1.52;331.947), (1.55;318.0499999999988), (1.57;315.7429999999999), (1.6;315.960000000001), (1.62;351.9640000000006), (1.65;329.09600000000046), (1.67;325.8329999999998), (1.7;379.8379999999975), (1.72;338.98399999999845), (1.75;379.0609999999998), (1.77;325.87899999999945), (1.8;344.39800000000116), (1.82;286.03799999999956), (1.85;305.77599999999876), (1.87;304.03000000000054), (1.9;341.63899999999836), (1.92;324.15500000000037), (1.95;323.4540000000002), (1.97;327.2849999999985), (2.0;330.0359999999993), (2.02;319.54900000000015), (2.05;265.6659999999987), (2.07;349.64600000000064), (2.1;313.6740000000005), (2.12;326.44499999999925), (2.15;313.83299999999826), (2.17;305.6620000000014), (2.2;331.6110000000004), (2.22;297.0259999999987), (2.25;280.16400000000056), (2.27;291.9270000000003), (2.3;308.05200000000065), (2.32;341.6880000000019), (2.35;288.76399999999944), (2.37;312.5109999999991), (2.4;279.42400000000106), (2.42;308.5829999999989), (2.45;312.5989999999998), (2.47;276.3219999999987), (2.5;297.819999999999), (2.52;326.8860000000022), (2.55;315.7549999999995), (2.57;292.7510000000006), (2.6;286.0000000000007), (2.62;268.45799999999906), (2.65;282.30999999999904), (2.67;287.4899999999991), (2.7;308.8580000000011), (2.72;289.17200000000076), (2.75;296.46399999999966), (2.77;287.7160000000002), (2.8;270.3269999999996), (2.82;272.2529999999992), (2.85;308.7189999999981), (2.87;294.5499999999985), (2.9;282.51400000000166), (2.92;266.28200000000083), (2.95;256.4470000000005), (2.97;299.1560000000005), (3.0;256.20800000000054), (3.02;255.9869999999996), (3.05;262.39499999999975), (3.07;284.65099999999865), (3.1;274.9899999999987), (3.12;255.52399999999884), (3.15;250.14599999999888), (3.17;253.1640000000013), (3.2;308.65200000000044), (3.22;255.06400000000042), (3.25;249.67800000000042), (3.27;250.6730000000001), (3.3;245.1800000000005), (3.32;259.03800000000047), (3.35;259.93999999999977), (3.37;220.45499999999961), (3.4;260.92499999999956), (3.42;238.33599999999885), (3.45;242.59199999999882), (3.47;241.4609999999985), (3.5;273.1909999999986), (3.52;252.9939999999988), (3.55;255.11999999999878), (3.57;232.618000000001), (3.6;235.764000000001), (3.62;240.01200000000105), (3.65;230.38800000000063), (3.67;250.39600000000124), (3.7;222.81000000000105), (3.72;204.77300000000093), (3.75;217.36700000000036), (3.77;231.0800000000004), (3.8;225.7800000000004), (3.82;215.18000000000038), (3.85;202.39900000000006), (3.87;205.4459999999996), (3.9;217.09499999999957), (3.92;205.4459999999996), (3.95;230.86199999999954), (3.97;205.27599999999987), (4.0;217.94799999999978), (4.02;219.00599999999977), (4.05;240.16599999999963), (4.07;198.9039999999999), (4.1;241.22399999999962), (4.12;200.9389999999995), (4.15;206.1149999999993), (4.17;229.36899999999903), (4.2;205.0579999999993), (4.22;201.88699999999935), (4.25;207.1719999999993), (4.27;206.1149999999993), (4.3;211.30900000000102), (4.32;196.41600000000054), (4.35;192.1920000000005), (4.37;198.52800000000056), (4.4;204.86400000000063), (4.42;176.35200000000032), (4.45;204.86400000000063), (4.47;226.91400000000073), (4.5;180.40500000000074), (4.52;190.9550000000008), (4.55;202.56000000000088), (4.57;178.29500000000073), (4.6;194.12000000000083), (4.62;200.45000000000087), (4.65;199.39500000000086), (4.67;213.11000000000095), (4.7;192.01000000000082), (4.72;202.56000000000088), (4.75;179.35000000000073), (4.78;179.32900000000063), (4.8;188.66600000000028), (4.83;157.04600000000022), (4.85;180.23400000000026), (4.88;158.10000000000022), (4.9;168.64000000000024), (4.93;167.58600000000024), (4.95;200.2600000000003), (4.98;180.23400000000026), (5.0;173.91000000000025), (5.03;191.8280000000003), (5.05;186.55800000000028), (5.08;174.96400000000025), (5.1;170.74800000000025), (5.13;182.34200000000027), (5.15;173.91000000000025), (5.18;187.61200000000028), (5.2;190.77400000000029), (5.23;185.50400000000027), (5.25;187.61200000000028), (5.28;183.39600000000027), (5.3;181.1689999999997), (5.33;163.2149999999997), (5.35;161.1089999999997), (5.38;153.73799999999972), (5.4;141.10199999999975), (5.43;111.61799999999981), (5.45;86.34599999999988), (5.48;70.55099999999992), (5.5;44.225999999999985), (5.53;29.484000000000016), (5.55;20.00700000000001), (5.58;14.742000000000004), (5.6;7.3709999999999996), (5.63;6.318), (5.65;2.106), (5.68;7.3709999999999996), (5.7;2.106), (5.73;3.159), (5.75;2.106), (5.78;2.106), (5.8;3.159), (5.83;4.212), (5.85;0.0), (5.88;0.0), (5.9;2.106), (5.93;0.0), (5.95;0.0), (5.98;0.0), (6.0;1.053), (6.03;0.0), (6.05;0.0), (6.08;1.053), (6.1;0.0), (6.13;1.054), (6.15;1.054), (6.18;0.0), (6.2;0.0), (6.23;0.0), (6.25;0.0), (6.28;0.0), (6.3;0.0), (6.33;0.0), (6.35;1.054), (6.38;0)
Xe.ERD.0: (8.22;0), (8.25;0.0), (8.28;2.0), (8.3;0.0), (8.33;0.0), (8.35;0.0), (8.38;1.0), (8.4;0.0), (8.43;0.0), (8.45;0.0), (8.48;0.0), (8.5;0.0), (8.53;1.0), (8.55;0.0), (8.58;0.0), (8.6;0.0), (8.63;0.0), (8.65;0.0), (8.68;0.0), (8.7;0.0), (8.73;0.0), (8.75;0.0), (8.78;0.0), (8.8;0.0), (8.83;0.0), (8.85;1.0), (8.88;0.0), (8.9;0.0), (8.93;0.0), (8.95;0.0), (8.98;0.0), (9.0;0.0), (9.03;0.0), (9.05;0.0), (9.08;0.0), (9.1;0.0), (9.13;0.0), (9.15;0.0), (9.18;0.0), (9.2;0.0), (9.23;0.0), (9.25;0.0), (9.28;0.0), (9.3;0.0), (9.33;0.0), (9.35;0.0), (9.38;0.0), (9.4;0.0), (9.43;0.0), (9.45;0.0), (9.48;0.0), (9.5;0.0), (9.53;0.0), (9.55;0.0), (9.58;0.0), (9.6;0.0), (9.63;0.0), (9.65;0.0), (9.68;0.0), (9.7;0.0), (9.73;0.0), (9.75;0.0), (9.78;1.0), (9.8;1.0), (9.83;0.0), (9.85;0.0), (9.88;0.0), (9.9;0.0), (9.93;0.0), (9.95;0.0), (9.98;0.0), (10.0;0.0), (10.03;0.0), (10.05;0.0), (10.08;0.0), (10.1;0.0), (10.13;0.0), (10.15;0.0), (10.18;0.0), (10.2;0.0), (10.23;0.0), (10.25;0.0), (10.28;0.0), (10.3;0.0), (10.33;0.0), (10.35;0.0), (10.38;0.0), (10.4;0.0), (10.43;0.0), (10.45;0.0), (10.48;0.0), (10.5;0.0), (10.53;0.0), (10.55;0.0), (10.58;1.0), (10.6;1.0), (10.63;0.0), (10.65;0.0), (10.68;0.0), (10.7;0.0), (10.73;0.0), (10.75;0.0), (10.78;0.0), (10.8;0.0), (10.83;0.0), (10.85;0.0), (10.88;0.0), (10.9;0.0), (10.93;0.0), (10.95;0.0), (10.98;0.0), (11.0;0.0), (11.03;1.0), (11.05;0.0), (11.08;0.0), (11.1;2.0), (11.13;0.0), (11.15;0.0), (11.18;1.0), (11.2;0.0), (11.23;0.0), (11.25;0.0), (11.28;0.0), (11.3;0.0), (11.33;0.0), (11.35;0.0), (11.38;0.0), (11.4;0.0), (11.43;0.0), (11.45;3.0), (11.48;1.0), (11.5;0.0), (11.53;0.0), (11.55;0.0), (11.58;0.0), (11.6;0.0), (11.63;0.0), (11.65;0.0), (11.68;0.0), (11.7;0.0), (11.73;0.0), (11.75;0.0), (11.78;0.0), (11.8;0.0), (11.83;0.0), (11.85;0.0), (11.88;0.0), (11.9;0.0), (11.93;0.0), (11.95;0.0), (11.98;0.0), (12.0;0.0), (12.03;0.0), (12.05;0.0), (12.08;0.0), (12.1;0.0), (12.13;0.0), (12.15;0.0), (12.18;0.0), (12.2;0.0), (12.23;0.0), (12.25;0.0), (12.28;0.0), (12.3;0.0), (12.33;0.0), (12.35;0.0), (12.38;0.0), (12.4;0.0), (12.43;0.0), (12.45;0.0), (12.48;0.0), (12.5;0.0), (12.53;1.0), (12.55;0.0), (12.58;0.0), (12.6;0.0), (12.63;0.0), (12.65;1.0), (12.68;1.0), (12.7;0.0), (12.73;0.0), (12.75;0.0), (12.78;0.0), (12.8;0.0), (12.83;0.0), (12.85;1.0), (12.88;0.0), (12.9;0.0), (12.93;1.0), (12.95;0.0), (12.98;0.0), (13.0;0.0), (13.03;0.0), (13.05;0.0), (13.08;0.0), (13.1;1.0), (13.13;0.0), (13.15;0.0), (13.18;0.0), (13.2;2.0), (13.23;1.0), (13.25;0.0), (13.28;1.0), (13.3;0.0), (13.33;0.0), (13.35;0.0), (13.38;0.0), (13.4;0.0), (13.43;0.0), (13.45;1.0), (13.48;1.0), (13.5;0.0), (13.53;2.0), (13.55;0.0), (13.58;0.0), (13.6;0.0), (13.63;1.0), (13.65;0.0), (13.68;0.0), (13.7;3.0), (13.73;0.0), (13.75;0.0), (13.78;0.0), (13.8;1.0), (13.83;0.0), (13.85;0.0), (13.88;0.0), (13.9;0.0), (13.93;0.0), (13.95;1.0), (13.98;1.0), (14.0;0.0), (14.03;1.0), (14.05;1.0), (14.08;1.0), (14.1;0.0), (14.13;1.0), (14.15;1.0), (14.18;0.0), (14.2;0.0), (14.23;1.0), (14.25;0.0), (14.28;1.0), (14.3;1.0), (14.33;1.0), (14.35;2.0), (14.38;0.0), (14.4;0.0), (14.43;1.0), (14.45;0.0), (14.48;1.0), (14.5;1.0), (14.53;1.0), (14.55;1.0), (14.58;1.0), (14.6;3.0), (14.63;1.0), (14.65;1.0), (14.68;0.0), (14.7;1.0), (14.73;4.0), (14.75;0.0), (14.78;1.0), (14.8;0.0), (14.83;1.0), (14.85;1.0), (14.88;0.0), (14.9;0.0), (14.93;2.0), (14.95;1.0), (14.98;0.0), (15.0;1.0), (15.03;1.0), (15.05;2.0), (15.08;0.0), (15.1;2.0), (15.13;1.0), (15.15;1.0), (15.18;1.0), (15.2;2.0), (15.23;1.0), (15.25;1.0), (15.28;0.0), (15.3;2.0), (15.33;0.0), (15.35;1.0), (15.38;0.0), (15.4;0.0), (15.43;3.0), (15.45;2.0), (15.48;0.0), (15.5;0.0), (15.53;1.0), (15.55;1.0), (15.58;3.0), (15.6;2.0), (15.63;2.0), (15.65;2.0), (15.68;3.0), (15.7;0.0), (15.73;2.0), (15.75;1.0), (15.78;1.0), (15.8;2.0), (15.83;0.0), (15.85;4.0), (15.88;1.0), (15.9;1.0), (15.93;0.0), (15.95;3.0), (15.98;1.0), (16.0;3.0), (16.03;2.0), (16.05;1.0), (16.08;4.0), (16.1;1.0), (16.13;3.0), (16.15;1.0), (16.18;2.0), (16.2;4.0), (16.23;1.0), (16.25;1.0), (16.28;3.0), (16.3;3.0), (16.33;3.0), (16.35;1.0), (16.38;2.0), (16.4;4.0), (16.43;1.0), (16.45;1.0), (16.48;3.0), (16.5;4.0), (16.53;2.0), (16.55;2.0), (16.58;0.0), (16.6;2.0), (16.63;1.0), (16.65;4.0), (16.68;0.0), (16.7;3.0), (16.73;1.0), (16.75;0.0), (16.78;2.0), (16.8;0.0), (16.83;2.0), (16.85;1.0), (16.88;3.0), (16.9;1.0), (16.93;0.0), (16.95;0.0), (16.98;4.0), (17.0;3.0), (17.03;2.0), (17.05;4.0), (17.08;5.0), (17.1;0.0), (17.13;1.0), (17.15;2.0), (17.18;1.0), (17.2;4.0), (17.23;5.0), (17.25;1.0), (17.28;3.0), (17.3;2.0), (17.33;3.0), (17.35;4.0), (17.38;2.0), (17.4;6.0), (17.43;1.0), (17.45;4.0), (17.48;2.0), (17.5;7.0), (17.53;3.0), (17.55;2.0), (17.58;4.0), (17.6;2.0), (17.63;4.0), (17.65;3.0), (17.68;3.0), (17.7;1.0), (17.73;3.0), (17.75;4.0), (17.78;5.0), (17.8;0.0), (17.83;2.0), (17.85;2.0), (17.88;3.0), (17.9;3.0), (17.93;5.0), (17.95;3.0), (17.97;2.0), (18.0;2.0), (18.02;2.0), (18.05;2.0), (18.07;8.0), (18.1;4.0), (18.12;1.0), (18.15;4.0), (18.17;3.0), (18.2;3.0), (18.22;3.0), (18.25;4.0), (18.27;2.0), (18.3;1.0), (18.32;6.0), (18.35;2.0), (18.37;0.0), (18.4;1.0), (18.42;3.0), (18.45;1.0), (18.47;2.0), (18.5;3.0), (18.52;1.0), (18.55;5.0), (18.57;1.0), (18.6;3.0), (18.62;4.0), (18.65;2.0), (18.67;2.0), (18.7;6.0), (18.72;2.0), (18.75;4.0), (18.77;4.0), (18.8;3.0), (18.82;2.0), (18.85;4.0), (18.87;2.0), (18.9;1.0), (18.92;3.0), (18.95;4.0), (18.97;5.0), (19.0;2.0), (19.02;5.0), (19.05;2.0), (19.07;1.0), (19.1;1.0), (19.12;1.0), (19.15;1.0), (19.17;1.0), (19.2;1.0), (19.22;1.0), (19.25;3.0), (19.27;1.0), (19.3;1.0), (19.32;3.0), (19.35;0.0), (19.37;0.0), (19.4;0.0), (19.42;1.0), (19.45;1.0), (19.47;2.0), (19.5;0.0), (19.52;1.0), (19.55;1.0), (19.57;1.0), (19.6;1.0), (19.62;1.0), (19.65;0.0), (19.67;0.0), (19.7;0.0), (19.72;0.0), (19.75;1.0), (19.77;0.0), (19.8;0.0), (19.82;0.0), (19.85;0.0), (19.87;0.0), (19.9;0.0), (19.92;0.0), (19.95;0.0), (19.97;0.0), (20.0;0.0), (20.02;0.0), (20.05;0.0), (20.07;0.0), (20.1;0.0), (20.12;0.0), (20.15;0.0), (20.17;0.0), (20.2;1.0), (20.22;0.0), (20.25;0.0), (20.27;0.0), (20.3;0.0), (20.32;0.0), (20.35;0.0), (20.37;0.0), (20.4;0.0), (20.42;0.0), (20.45;0.0), (20.47;0.0), (20.5;0.0), (20.52;0.0), (20.55;0.0), (20.57;0.0), (20.6;0.0), (20.62;0.0), (20.65;0.0), (20.67;0.0), (20.7;0.0), (20.72;0.0), (20.75;0.0), (20.77;0.0), (20.8;0.0), (20.82;0.0), (20.85;0.0), (20.87;0.0), (20.9;0.0), (20.92;0.0), (20.95;0.0), (20.97;0.0), (21.0;0.0), (21.02;0.0), (21.05;0.0), (21.07;0.0), (21.1;0.0), (21.12;0.0), (21.15;0.0), (21.17;0.0), (21.2;0.0), (21.22;1.0), (21.25;0)
Zr.ERD.0: (1.18;0), (1.2;0.0), (1.23;1.0), (1.25;3.0), (1.27;1.0), (1.3;7.0), (1.32;2.0), (1.35;13.0), (1.37;4.0), (1.4;9.0), (1.42;7.0), (1.45;5.0), (1.47;15.0), (1.5;14.0), (1.52;12.0), (1.55;16.0), (1.57;8.0), (1.6;19.0), (1.62;20.0), (1.65;14.0), (1.67;11.0), (1.7;19.0), (1.72;30.0), (1.75;25.0), (1.77;23.0), (1.8;25.0), (1.82;22.0), (1.85;29.0), (1.87;24.0), (1.9;30.0), (1.92;33.0), (1.95;37.0), (1.97;33.0), (2.0;37.0), (2.02;30.0), (2.05;37.0), (2.07;31.0), (2.1;20.0), (2.12;50.0), (2.15;34.0), (2.17;35.0), (2.2;37.0), (2.22;40.0), (2.25;34.0), (2.27;36.0), (2.3;40.0), (2.32;44.0), (2.35;31.0), (2.37;48.0), (2.4;54.0), (2.42;41.0), (2.45;45.0), (2.47;46.0), (2.5;41.0), (2.52;54.0), (2.55;56.0), (2.57;39.0), (2.6;49.0), (2.62;41.0), (2.65;52.0), (2.67;42.0), (2.7;51.0), (2.72;48.0), (2.75;56.0), (2.77;52.0), (2.8;50.0), (2.82;44.0), (2.85;47.0), (2.87;71.0), (2.9;47.0), (2.92;51.0), (2.95;66.0), (2.97;42.0), (3.0;52.0), (3.02;64.0), (3.05;77.0), (3.07;59.0), (3.1;73.0), (3.12;57.0), (3.15;61.0), (3.17;63.0), (3.2;66.0), (3.22;73.0), (3.25;66.0), (3.27;64.0), (3.3;68.0), (3.32;70.0), (3.35;69.0), (3.37;76.0), (3.4;57.0), (3.42;74.0), (3.45;87.0), (3.47;74.0), (3.5;82.0), (3.52;85.0), (3.55;74.0), (3.57;72.0), (3.6;82.0), (3.62;63.0), (3.65;67.0), (3.67;70.0), (3.7;89.0), (3.72;84.0), (3.75;76.0), (3.77;79.0), (3.8;80.0), (3.82;83.0), (3.85;77.0), (3.87;73.0), (3.9;67.0), (3.92;64.0), (3.95;83.0), (3.97;65.0), (4.0;73.0), (4.02;90.0), (4.05;91.0), (4.07;63.0), (4.1;73.0), (4.12;80.0), (4.15;85.0), (4.17;86.0), (4.2;71.0), (4.22;67.0), (4.25;76.0), (4.27;85.0), (4.3;57.0), (4.32;92.0), (4.35;85.0), (4.37;74.0), (4.4;82.0), (4.42;93.0), (4.45;86.0), (4.47;83.0), (4.5;65.0), (4.52;90.0), (4.55;80.0), (4.57;80.0), (4.6;80.0), (4.62;84.0), (4.65;88.0), (4.67;100.0), (4.7;92.0), (4.73;82.0), (4.75;99.0), (4.78;97.0), (4.8;88.0), (4.83;73.0), (4.85;84.0), (4.88;62.0), (4.9;102.0), (4.93;93.0), (4.95;94.0), (4.98;78.0), (5.0;75.0), (5.03;77.0), (5.05;103.0), (5.08;75.0), (5.1;85.0), (5.13;76.0), (5.15;89.0), (5.18;76.0), (5.2;87.0), (5.23;89.0), (5.25;83.0), (5.28;86.0), (5.3;84.0), (5.33;89.0), (5.35;93.0), (5.38;89.0), (5.4;92.0), (5.43;75.0), (5.45;85.0), (5.48;64.0), (5.5;82.0), (5.53;95.0), (5.55;76.0), (5.58;96.0), (5.6;72.0), (5.63;58.0), (5.65;76.0), (5.68;84.0), (5.7;89.0), (5.73;93.0), (5.75;84.0), (5.78;91.0), (5.8;85.0), (5.83;104.0), (5.85;80.0), (5.88;85.0), (5.9;94.0), (5.93;67.0), (5.95;98.0), (5.98;95.0), (6.0;67.0), (6.03;74.0), (6.05;89.0), (6.08;88.0), (6.1;61.0), (6.13;85.0), (6.15;74.0), (6.18;68.0), (6.2;86.0), (6.23;85.0), (6.25;89.0), (6.28;83.0), (6.3;73.0), (6.33;84.0), (6.35;94.0), (6.38;72.0), (6.4;94.0), (6.43;99.0), (6.45;79.0), (6.48;82.0), (6.5;88.0), (6.53;91.0), (6.55;86.0), (6.58;109.0), (6.6;78.0), (6.63;101.0), (6.65;90.0), (6.68;84.0), (6.7;77.0), (6.73;79.0), (6.75;93.0), (6.78;80.0), (6.8;83.0), (6.83;62.0), (6.85;74.0), (6.88;91.0), (6.9;70.0), (6.93;91.0), (6.95;77.0), (6.98;81.0), (7.0;83.0), (7.03;77.0), (7.05;98.0), (7.08;78.0), (7.1;82.0), (7.13;80.0), (7.15;66.0), (7.18;77.0), (7.2;72.0), (7.23;63.0), (7.25;84.0), (7.28;73.0), (7.3;70.0), (7.33;94.0), (7.35;73.0), (7.38;82.0), (7.4;70.0), (7.43;83.0), (7.45;96.0), (7.48;91.0), (7.5;92.0), (7.53;86.0), (7.55;83.0), (7.58;87.0), (7.6;75.0), (7.63;95.0), (7.65;71.0), (7.68;84.0), (7.7;74.0), (7.73;78.0), (7.75;90.0), (7.78;84.0), (7.8;92.0), (7.83;86.0), (7.85;83.0), (7.88;77.0), (7.9;78.0), (7.93;71.0), (7.95;76.0), (7.98;87.0), (8.0;70.0), (8.03;53.0), (8.05;70.0), (8.08;80.0), (8.1;77.0), (8.13;69.0), (8.15;78.0), (8.18;68.0), (8.2;67.0), (8.23;94.0), (8.25;76.0), (8.28;70.0), (8.3;72.0), (8.33;69.0), (8.35;75.0), (8.38;81.0), (8.4;62.0), (8.43;70.0), (8.45;73.0), (8.48;77.0), (8.5;64.0), (8.53;73.0), (8.55;61.0), (8.58;74.0), (8.6;90.0), (8.63;90.0), (8.65;61.0), (8.68;70.0), (8.7;55.0), (8.73;73.0), (8.75;62.0), (8.78;76.0), (8.8;58.0), (8.83;69.0), (8.85;66.0), (8.88;88.0), (8.9;58.0), (8.93;85.0), (8.95;71.0), (8.98;57.0), (9.0;67.0), (9.03;75.0), (9.05;67.0), (9.08;59.0), (9.1;63.0), (9.13;57.0), (9.15;73.0), (9.18;70.0), (9.2;79.0), (9.23;85.0), (9.25;82.0), (9.28;75.0), (9.3;72.0), (9.33;63.0), (9.35;66.0), (9.38;60.0), (9.4;74.0), (9.43;69.0), (9.45;69.0), (9.48;64.0), (9.5;70.0), (9.53;57.0), (9.55;61.0), (9.58;65.0), (9.6;69.0), (9.63;60.0), (9.65;78.0), (9.68;66.0), (9.7;52.0), (9.73;75.0), (9.75;68.0), (9.78;46.0), (9.8;67.0), (9.83;63.0), (9.85;60.0), (9.88;70.0), (9.9;56.0), (9.93;59.0), (9.95;62.0), (9.98;70.0), (10.0;63.0), (10.03;57.0), (10.05;66.0), (10.08;60.0), (10.1;54.0), (10.13;57.0), (10.15;61.0), (10.18;50.0), (10.2;67.0), (10.23;66.0), (10.25;57.0), (10.28;73.0), (10.3;74.0), (10.33;51.0), (10.35;53.0), (10.38;57.0), (10.4;53.0), (10.43;72.0), (10.45;64.0), (10.48;63.0), (10.5;66.0), (10.53;65.0), (10.55;59.0), (10.58;56.0), (10.6;64.0), (10.63;55.0), (10.65;57.0), (10.68;60.0), (10.7;60.0), (10.73;54.0), (10.75;64.0), (10.78;57.0), (10.8;59.0), (10.83;38.0), (10.85;55.0), (10.88;62.0), (10.9;45.0), (10.93;52.0), (10.95;49.0), (10.98;60.0), (11.0;28.0), (11.03;62.0), (11.05;62.0), (11.08;58.0), (11.1;49.0), (11.13;50.0), (11.15;43.0), (11.18;56.0), (11.2;53.0), (11.23;47.0), (11.25;66.0), (11.28;56.0), (11.3;55.0), (11.33;62.0), (11.35;51.0), (11.38;51.0), (11.4;59.0), (11.43;55.0), (11.45;58.0), (11.48;54.0), (11.5;51.0), (11.53;56.0), (11.55;47.0), (11.58;51.0), (11.6;44.0), (11.63;49.0), (11.65;45.0), (11.68;49.0), (11.7;50.0), (11.73;43.0), (11.75;66.0), (11.78;50.0), (11.8;48.0), (11.83;46.0), (11.85;51.0), (11.88;49.0), (11.9;44.0), (11.93;39.0), (11.95;41.0), (11.98;54.0), (12.0;55.0), (12.03;53.0), (12.05;46.0), (12.08;52.0), (12.1;55.0), (12.13;49.0), (12.15;51.0), (12.18;32.0), (12.2;40.0), (12.23;46.0), (12.25;40.0), (12.28;51.0), (12.3;34.0), (12.33;37.0), (12.35;34.0), (12.38;42.0), (12.4;32.0), (12.43;51.0), (12.45;42.0), (12.48;46.0), (12.5;47.0), (12.53;63.0), (12.55;49.0), (12.58;38.0), (12.6;50.0), (12.63;49.0), (12.65;41.0), (12.68;33.0), (12.7;43.0), (12.73;42.0), (12.75;41.0), (12.78;44.0), (12.8;41.0), (12.83;29.0), (12.85;38.0), (12.88;43.0), (12.9;47.0), (12.93;36.0), (12.95;45.0), (12.98;44.0), (13.0;54.0), (13.03;33.0), (13.05;36.0), (13.08;43.0), (13.1;48.0), (13.13;39.0), (13.15;37.0), (13.18;41.0), (13.2;33.0), (13.23;48.0), (13.25;41.0), (13.28;35.0), (13.3;30.0), (13.33;36.0), (13.35;45.0), (13.38;43.0), (13.4;35.0), (13.43;42.0), (13.45;41.0), (13.48;45.0), (13.5;34.0), (13.53;33.0), (13.55;44.0), (13.58;37.0), (13.6;35.0), (13.63;44.0), (13.65;42.0), (13.68;44.0), (13.7;35.0), (13.73;41.0), (13.75;32.0), (13.78;37.0), (13.8;32.0), (13.83;50.0), (13.85;37.0), (13.88;34.0), (13.9;45.0), (13.93;31.0), (13.95;43.0), (13.98;47.0), (14.0;40.0), (14.03;38.0), (14.05;29.0), (14.08;41.0), (14.1;28.0), (14.13;42.0), (14.15;38.0), (14.18;42.0), (14.2;35.0), (14.23;23.0), (14.25;26.0), (14.28;33.0), (14.3;50.0), (14.33;36.0), (14.35;40.0), (14.38;42.0), (14.4;26.0), (14.43;47.0), (14.45;41.0), (14.48;38.0), (14.5;42.0), (14.53;28.0), (14.55;40.0), (14.58;32.0), (14.6;43.0), (14.63;32.0), (14.65;41.0), (14.68;45.0), (14.7;22.0), (14.73;39.0), (14.75;32.0), (14.78;24.0), (14.8;33.0), (14.83;38.0), (14.85;36.0), (14.88;30.0), (14.9;40.0), (14.93;24.0), (14.95;35.0), (14.98;43.0), (15.0;42.0), (15.03;37.0), (15.05;41.0), (15.08;27.0), (15.1;32.0), (15.13;33.0), (15.15;36.0), (15.18;49.0), (15.2;31.0), (15.23;37.0), (15.25;39.0), (15.28;27.0), (15.3;27.0), (15.33;33.0), (15.35;31.0), (15.38;43.0), (15.4;29.0), (15.43;25.0), (15.45;35.0), (15.48;26.0), (15.5;29.0), (15.53;28.0), (15.55;31.0), (15.58;35.0), (15.6;26.0), (15.63;32.0), (15.65;22.0), (15.68;39.0), (15.7;20.0), (15.73;35.0), (15.75;45.0), (15.78;33.0), (15.8;31.0), (15.83;22.0), (15.85;27.0), (15.88;45.0), (15.9;35.0), (15.93;28.0), (15.95;28.0), (15.98;22.0), (16.0;31.0), (16.03;24.0), (16.05;32.0), (16.08;35.0), (16.1;20.0), (16.13;18.0), (16.15;30.0), (16.18;29.0), (16.2;24.0), (16.23;29.0), (16.25;21.0), (16.28;26.0), (16.3;31.0), (16.33;29.0), (16.35;23.0), (16.38;18.0), (16.4;27.0), (16.43;22.0), (16.45;21.0), (16.48;24.0), (16.5;29.0), (16.53;27.0), (16.55;29.0), (16.58;27.0), (16.6;23.0), (16.63;17.0), (16.65;20.0), (16.68;18.0), (16.7;25.0), (16.73;18.0), (16.75;29.0), (16.78;23.0), (16.8;24.0), (16.83;31.0), (16.85;19.0), (16.88;26.0), (16.9;16.0), (16.93;20.0), (16.95;23.0), (16.98;16.0), (17.0;29.0), (17.03;16.0), (17.05;17.0), (17.08;23.0), (17.1;17.0), (17.13;15.0), (17.15;16.0), (17.18;16.0), (17.2;6.0), (17.23;9.0), (17.25;10.0), (17.28;4.0), (17.3;6.0), (17.33;7.0), (17.35;9.0), (17.38;7.0), (17.4;6.0), (17.43;4.0), (17.45;4.0), (17.48;3.0), (17.5;1.0), (17.53;4.0), (17.55;4.0), (17.58;6.0), (17.6;3.0), (17.63;1.0), (17.65;1.0), (17.68;0.0), (17.7;2.0), (17.73;1.0), (17.75;1.0), (17.78;0.0), (17.8;1.0), (17.83;0.0), (17.85;2.0), (17.88;0.0), (17.9;0.0), (17.93;0.0), (17.95;0.0), (17.98;0.0), (18.0;3.0), (18.03;1.0), (18.05;0.0), (18.08;0.0), (18.1;1.0), (18.13;1.0), (18.15;1.0), (18.18;1.0), (18.2;1.0), (18.23;0.0), (18.25;0.0), (18.28;2.0), (18.3;1.0), (18.33;0.0), (18.35;0.0), (18.38;0.0), (18.4;1.0), (18.43;1.0), (18.45;0.0), (18.48;0.0), (18.5;0.0), (18.53;0.0), (18.55;0.0), (18.58;0.0), (18.6;0.0), (18.63;1.0), (18.65;0.0), (18.68;1.0), (18.7;0.0), (18.73;0.0), (18.75;0.0), (18.78;1.0), (18.8;0.0), (18.82;0.0), (18.85;0.0), (18.87;0.0), (18.9;1.0), (18.92;0.0), (18.95;1.0), (18.97;0.0), (19.0;1.0), (19.02;0.0), (19.05;0.0), (19.07;0.0), (19.1;0.0), (19.12;0.0), (19.15;0.0), (19.17;0.0), (19.2;0.0), (19.22;0.0), (19.25;0.0), (19.27;0.0), (19.3;0.0), (19.32;0.0), (19.35;0.0), (19.37;0.0), (19.4;0.0), (19.42;0.0), (19.45;1.0), (19.47;0.0), (19.5;0.0), (19.52;0.0), (19.55;0.0), (19.57;0.0), (19.6;1.0), (19.62;0.0), (19.65;0.0), (19.67;0.0), (19.7;0.0), (19.72;0.0), (19.75;0.0), (19.77;0.0), (19.8;0.0), (19.82;0.0), (19.85;0.0), (19.87;0.0), (19.9;0.0), (19.92;0.0), (19.95;1.0), (19.97;0.0), (20.0;0.0), (20.02;0.0), (20.05;0.0), (20.07;0.0), (20.1;0.0), (20.12;1.0), (20.15;0)
2024-03-05 14:59:01 - INFO - [Measurement : Kr-Imp] - Selection file C:\Users\niwi9751\potku\requests\20240305-KrXe-In-ZrO2.potku\Sample_02-Imp\Measurement_03-Kr-Imp\Data\Kr-Imp.selections was read successfully!
2024-03-05 14:59:16 - INFO - [Measurement : Kr-Imp] - Created Energy Spectrum. Bin width: 0.025. Cut files: C:\Users\niwi9751\potku\requests\20240305-KrXe-In-ZrO2.potku\Sample_02-Imp\Measurement_03-Kr-Imp\Data\Cuts\Kr-Imp.Al.ERD.0.cut, C:\Users\niwi9751\potku\requests\20240305-KrXe-In-ZrO2.potku\Sample_02-Imp\Measurement_03-Kr-Imp\Data\Cuts\Kr-Imp.C.ERD.0.cut, C:\Users\niwi9751\potku\requests\20240305-KrXe-In-ZrO2.potku\Sample_02-Imp\Measurement_03-Kr-Imp\Data\Cuts\Kr-Imp.Cr.ERD.0.cut, C:\Users\niwi9751\potku\requests\20240305-KrXe-In-ZrO2.potku\Sample_02-Imp\Measurement_03-Kr-Imp\Data\Cuts\Kr-Imp.Fe.ERD.0.cut, C:\Users\niwi9751\potku\requests\20240305-KrXe-In-ZrO2.potku\Sample_02-Imp\Measurement_03-Kr-Imp\Data\Cuts\Kr-Imp.Hf.ERD.0.cut, C:\Users\niwi9751\potku\requests\20240305-KrXe-In-ZrO2.potku\Sample_02-Imp\Measurement_03-Kr-Imp\Data\Cuts\Kr-Imp.Kr.ERD.0.cut, C:\Users\niwi9751\potku\requests\20240305-KrXe-In-ZrO2.potku\Sample_02-Imp\Measurement_03-Kr-Imp\Data\Cuts\Kr-Imp.O.ERD.0.cut, C:\Users\niwi9751\potku\requests\20240305-KrXe-In-ZrO2.potku\Sample_02-Imp\Measurement_03-Kr-Imp\Data\Cuts\Kr-Imp.Xe.ERD.0.cut, C:\Users\niwi9751\potku\requests\20240305-KrXe-In-ZrO2.potku\Sample_02-Imp\Measurement_03-Kr-Imp\Data\Cuts\Kr-Imp.Zr.ERD.0.cut
2024-03-05 14:59:16 - INFO - [Measurement : Kr-Imp] - Energy Spectrum graph points:
Al.ERD.0: (1.1;0), (1.13;0.0), (1.15;3.877), (1.18;2.567), (1.2;2.553), (1.22;5.062), (1.25;3.776), (1.27;3.747), (1.3;2.4850000000000003), (1.32;0.0), (1.35;6.148), (1.37;1.222), (1.4;2.427), (1.42;2.416), (1.45;2.402), (1.47;2.391), (1.5;0.0), (1.52;2.3689999999999998), (1.55;4.7170000000000005), (1.57;2.347), (1.6;3.5100000000000002), (1.62;0.0), (1.65;3.482), (1.67;1.157), (1.7;4.606999999999999), (1.72;3.441), (1.75;1.143), (1.77;2.2809999999999997), (1.8;3.4079999999999995), (1.82;1.134), (1.85;0.0), (1.87;0.0), (1.9;1.125), (1.92;1.12), (1.95;3.35), (1.97;1.114), (2.0;0.0), (2.02;1.108), (2.05;0.0), (2.07;2.21), (2.1;0.0), (2.12;1.099), (2.15;1.099), (2.17;0.0), (2.2;1.093), (2.22;2.1790000000000003), (2.25;4.354), (2.27;0.0), (2.3;3.254), (2.32;1.084), (2.35;1.082), (2.37;1.079), (2.4;3.234), (2.42;2.151), (2.45;0.0), (2.47;1.072), (2.5;2.141), (2.52;1.069), (2.55;2.137), (2.57;0.0), (2.6;1.065), (2.62;2.129), (2.65;1.063), (2.67;0.0), (2.7;2.121), (2.72;0.0), (2.75;1.057), (2.77;1.057), (2.8;1.056), (2.82;1.055), (2.85;4.214), (2.87;3.158), (2.9;2.1029999999999998), (2.92;1.051), (2.95;5.246), (2.97;1.048), (3.0;0.0), (3.02;0.0), (3.05;0.0), (3.07;1.046), (3.1;2.09), (3.12;0.0), (3.15;0.0), (3.17;0.0), (3.2;5.208), (3.22;1.041), (3.25;0.0), (3.27;1.039), (3.3;3.117), (3.32;2.076), (3.35;3.114), (3.37;3.1109999999999998), (3.4;1.037), (3.42;3.108), (3.45;1.035), (3.47;2.07), (3.5;1.034), (3.52;2.068), (3.55;2.067), (3.57;4.132), (3.6;1.032), (3.62;1.032), (3.65;5.155999999999999), (3.67;0.0), (3.7;0.0), (3.72;3.09), (3.75;2.059), (3.77;1.029), (3.8;1.029), (3.82;2.056), (3.85;2.056), (3.87;3.083), (3.9;2.054), (3.92;0.0), (3.95;2.053), (3.97;4.104), (4.0;0.0), (4.02;0.0), (4.05;6.15), (4.07;2.05), (4.1;7.174), (4.12;3.072), (4.15;2.048), (4.17;0.0), (4.2;4.093999999999999), (4.22;1.023), (4.25;1.023), (4.27;4.092), (4.3;2.044), (4.32;1.022), (4.35;0.0), (4.37;1.022), (4.4;4.084), (4.42;1.021), (4.45;1.021), (4.47;2.04), (4.5;3.06), (4.52;3.06), (4.55;3.06), (4.57;1.02), (4.6;2.038), (4.62;1.019), (4.65;1.019), (4.67;4.076), (4.7;1.019), (4.73;3.0569999999999995), (4.75;1.018), (4.78;3.0540000000000003), (4.8;4.072), (4.83;2.036), (4.85;2.036), (4.88;5.087), (4.9;1.017), (4.93;2.034), (4.95;3.0509999999999997), (4.98;2.034), (5.0;3.0509999999999997), (5.03;3.049), (5.05;3.048), (5.08;1.016), (5.1;10.16), (5.13;7.112), (5.15;7.112), (5.18;6.096), (5.2;3.048), (5.23;2.0309999999999997), (5.25;2.03), (5.28;4.06), (5.3;7.104999999999999), (5.33;5.074999999999999), (5.35;1.015), (5.38;2.03), (5.4;3.045), (5.43;4.057), (5.45;2.028), (5.48;3.042), (5.5;4.056), (5.53;0.0), (5.55;2.028), (5.58;7.098000000000001), (5.6;1.014), (5.63;8.112), (5.65;2.028), (5.68;7.093999999999999), (5.7;2.026), (5.73;3.0389999999999997), (5.75;4.052), (5.78;5.0649999999999995), (5.8;3.0389999999999997), (5.83;3.0389999999999997), (5.85;7.090999999999999), (5.88;4.052), (5.9;3.0389999999999997), (5.93;7.090999999999999), (5.95;1.013), (5.98;3.036), (6.0;4.048), (6.03;4.048), (6.05;2.024), (6.08;5.0600000000000005), (6.1;5.0600000000000005), (6.13;3.036), (6.15;7.084000000000001), (6.18;5.0600000000000005), (6.2;6.072000000000001), (6.23;4.048), (6.25;2.024), (6.28;2.024), (6.3;6.072000000000001), (6.33;4.047), (6.35;1.011), (6.38;3.0329999999999995), (6.4;3.0329999999999995), (6.43;7.077), (6.45;5.055), (6.48;5.055), (6.5;5.055), (6.53;2.022), (6.55;9.098999999999998), (6.58;5.055), (6.6;5.055), (6.63;6.066), (6.65;6.066), (6.68;7.077), (6.7;6.066), (6.73;4.044), (6.75;7.077), (6.78;5.055), (6.8;10.109999999999998), (6.83;7.071999999999999), (6.85;5.05), (6.88;3.0300000000000002), (6.9;4.04), (6.93;5.05), (6.95;5.05), (6.98;7.069999999999999), (7.0;5.05), (7.03;3.0300000000000002), (7.05;7.069999999999999), (7.08;8.08), (7.1;7.069999999999999), (7.13;9.09), (7.15;11.11), (7.18;6.06), (7.2;17.17), (7.23;5.05), (7.25;7.069999999999999), (7.28;7.069999999999999), (7.3;7.069999999999999), (7.33;18.180000000000003), (7.35;11.11), (7.38;6.06), (7.4;9.09), (7.43;14.139999999999999), (7.45;13.129999999999999), (7.48;12.12), (7.5;5.05), (7.53;12.12), (7.55;8.075000000000001), (7.58;7.063000000000001), (7.6;8.072000000000001), (7.63;17.153000000000002), (7.65;6.054), (7.68;6.054), (7.7;9.081000000000001), (7.73;8.072000000000001), (7.75;14.126000000000003), (7.78;15.135000000000003), (7.8;10.090000000000002), (7.83;9.081000000000001), (7.85;7.063000000000001), (7.88;13.117000000000003), (7.9;13.117000000000003), (7.93;15.135000000000003), (7.95;17.153000000000002), (7.98;7.063000000000001), (8.0;12.108000000000002), (8.03;15.135000000000003), (8.05;15.135000000000003), (8.08;10.090000000000002), (8.1;11.099000000000002), (8.13;11.099000000000002), (8.15;9.081000000000001), (8.18;6.054), (8.2;13.117000000000003), (8.23;13.117000000000003), (8.25;8.072000000000001), (8.28;6.054), (8.3;8.072000000000001), (8.33;3.0269999999999997), (8.35;2.018), (8.38;7.063000000000001), (8.4;1.009), (8.43;1.009), (8.45;0.0), (8.48;0.0), (8.5;1.009), (8.53;0.0), (8.55;0.0), (8.58;0.0), (8.6;0.0), (8.63;0.0), (8.65;1.008), (8.68;0)
C.ERD.0: (0.95;0), (0.97;0.0), (1.0;1.37), (1.02;0.0), (1.05;0.0), (1.07;0.0), (1.1;2.6820000000000004), (1.12;1.332), (1.15;0.0), (1.17;0.0), (1.2;0.0), (1.22;3.9290000000000003), (1.25;0.0), (1.27;0.0), (1.3;3.882), (1.32;1.29), (1.35;0.0), (1.37;0.0), (1.4;2.552), (1.42;0.0), (1.45;1.265), (1.47;1.262), (1.5;0.0), (1.52;3.7659999999999996), (1.55;2.5060000000000002), (1.57;2.498), (1.6;4.987), (1.62;2.489), (1.65;2.482), (1.67;1.239), (1.7;1.236), (1.72;0.0), (1.75;6.154), (1.77;0.0), (1.8;1.226), (1.82;3.673), (1.85;0.0), (1.87;1.22), (1.9;3.657), (1.92;0.0), (1.95;2.428), (1.97;1.214), (2.0;0.0), (2.02;0.0), (2.05;0.0), (2.07;0.0), (2.1;1.206), (2.12;1.204), (2.15;2.406), (2.17;2.404), (2.2;1.2), (2.22;2.398), (2.25;1.198), (2.27;3.59), (2.3;1.196), (2.32;0.0), (2.35;2.388), (2.37;1.193), (2.4;0.0), (2.42;1.191), (2.45;0.0), (2.47;1.189), (2.5;0.0), (2.52;3.5629999999999997), (2.55;1.187), (2.57;0.0), (2.6;0.0), (2.62;2.37), (2.65;1.184), (2.67;2.368), (2.7;1.183), (2.72;0.0), (2.75;5.908), (2.77;1.181), (2.8;0.0), (2.82;2.36), (2.85;1.18), (2.87;0.0), (2.9;0.0), (2.92;1.178), (2.95;0.0), (2.97;3.532), (3.0;1.177), (3.02;1.177), (3.05;0.0), (3.07;0.0), (3.1;4.704), (3.12;1.176), (3.15;1.176), (3.17;0.0), (3.2;3.5250000000000004), (3.22;0.0), (3.25;2.349), (3.27;0.0), (3.3;1.174), (3.32;0.0), (3.35;2.348), (3.37;3.522), (3.4;1.173), (3.42;5.865), (3.45;1.173), (3.47;2.346), (3.5;2.346), (3.52;1.173), (3.55;1.173), (3.57;2.346), (3.6;0.0), (3.62;1.172), (3.65;1.172), (3.67;3.516), (3.7;0.0), (3.72;1.172), (3.75;4.688), (3.77;1.172), (3.8;1.172), (3.82;1.172), (3.85;0.0), (3.87;2.344), (3.9;1.172), (3.92;1.172), (3.95;3.516), (3.97;3.517), (4.0;3.519), (4.02;1.173), (4.05;7.038), (4.07;3.519), (4.1;2.346), (4.12;2.346), (4.15;7.038), (4.17;2.346), (4.2;4.692), (4.22;3.521), (4.25;2.348), (4.27;1.174), (4.3;0.0), (4.32;0.0), (4.35;0.0), (4.37;1.174), (4.4;0)
Cr.ERD.0: (5.5;0), (5.53;0.0), (5.55;1.007), (5.58;0.0), (5.6;0.0), (5.63;0.0), (5.65;0.0), (5.68;0.0), (5.7;1.007), (5.73;0.0), (5.75;0.0), (5.78;0.0), (5.8;0.0), (5.83;1.007), (5.85;0.0), (5.88;0.0), (5.9;1.007), (5.93;0.0), (5.95;0.0), (5.98;0.0), (6.0;0.0), (6.03;0.0), (6.05;0.0), (6.08;0.0), (6.1;0.0), (6.13;0.0), (6.15;0.0), (6.18;0.0), (6.2;0.0), (6.23;0.0), (6.25;0.0), (6.28;0.0), (6.3;0.0), (6.33;0.0), (6.35;0.0), (6.38;0.0), (6.4;1.006), (6.43;1.006), (6.45;0.0), (6.48;1.006), (6.5;0.0), (6.53;0.0), (6.55;0.0), (6.58;0.0), (6.6;0.0), (6.63;0.0), (6.65;1.006), (6.68;0.0), (6.7;0.0), (6.73;1.006), (6.75;0.0), (6.78;1.006), (6.8;1.006), (6.83;0.0), (6.85;0.0), (6.88;0.0), (6.9;0.0), (6.93;0.0), (6.95;0.0), (6.98;0.0), (7.0;0.0), (7.03;0.0), (7.05;0.0), (7.08;0.0), (7.1;0.0), (7.13;0.0), (7.15;0.0), (7.18;0.0), (7.2;0.0), (7.23;0.0), (7.25;0.0), (7.28;0.0), (7.3;0.0), (7.33;0.0), (7.35;0.0), (7.38;0.0), (7.4;0.0), (7.43;0.0), (7.45;0.0), (7.48;0.0), (7.5;0.0), (7.53;0.0), (7.55;0.0), (7.58;0.0), (7.6;1.006), (7.63;0.0), (7.65;0.0), (7.68;0.0), (7.7;0.0), (7.73;0.0), (7.75;0.0), (7.78;2.012), (7.8;0.0), (7.83;1.006), (7.85;0.0), (7.88;0.0), (7.9;0.0), (7.93;0.0), (7.95;0.0), (7.98;0.0), (8.0;0.0), (8.03;0.0), (8.05;0.0), (8.08;0.0), (8.1;0.0), (8.13;1.006), (8.15;1.006), (8.18;0.0), (8.2;0.0), (8.23;0.0), (8.25;0.0), (8.28;0.0), (8.3;0.0), (8.33;0.0), (8.35;0.0), (8.38;0.0), (8.4;0.0), (8.43;0.0), (8.45;0.0), (8.48;0.0), (8.5;0.0), (8.53;0.0), (8.55;0.0), (8.58;0.0), (8.6;0.0), (8.63;0.0), (8.65;1.006), (8.68;0.0), (8.7;0.0), (8.73;0.0), (8.75;0.0), (8.78;0.0), (8.8;0.0), (8.83;0.0), (8.85;0.0), (8.88;0.0), (8.9;0.0), (8.93;1.006), (8.95;0.0), (8.98;0.0), (9.0;0.0), (9.03;0.0), (9.05;0.0), (9.08;0.0), (9.1;1.006), (9.13;0.0), (9.15;0.0), (9.18;0.0), (9.2;0.0), (9.23;0.0), (9.25;0.0), (9.28;1.005), (9.3;0.0), (9.33;0.0), (9.35;0.0), (9.38;0.0), (9.4;0.0), (9.43;0.0), (9.45;0.0), (9.48;0.0), (9.5;0.0), (9.53;0.0), (9.55;0.0), (9.58;0.0), (9.6;0.0), (9.63;2.01), (9.65;1.005), (9.68;0.0), (9.7;0.0), (9.73;0.0), (9.75;0.0), (9.78;0.0), (9.8;0.0), (9.83;0.0), (9.85;0.0), (9.88;0.0), (9.9;0.0), (9.93;0.0), (9.95;0.0), (9.98;0.0), (10.0;0.0), (10.03;0.0), (10.05;0.0), (10.08;0.0), (10.1;0.0), (10.13;0.0), (10.15;0.0), (10.18;0.0), (10.2;0.0), (10.23;0.0), (10.25;2.01), (10.28;0.0), (10.3;0.0), (10.33;0.0), (10.35;0.0), (10.38;0.0), (10.4;0.0), (10.43;1.005), (10.45;1.005), (10.48;1.005), (10.5;0.0), (10.53;0.0), (10.55;0.0), (10.58;0.0), (10.6;0.0), (10.63;0.0), (10.65;1.005), (10.68;1.005), (10.7;1.005), (10.73;0.0), (10.75;0.0), (10.78;0.0), (10.8;0.0), (10.83;0.0), (10.85;1.005), (10.88;0.0), (10.9;0.0), (10.93;0.0), (10.95;0.0), (10.98;1.005), (11.0;0.0), (11.03;0.0), (11.05;0.0), (11.08;0.0), (11.1;1.005), (11.13;1.005), (11.15;0.0), (11.18;0.0), (11.2;0.0), (11.23;2.01), (11.25;0.0), (11.28;0.0), (11.3;2.01), (11.33;0.0), (11.35;0.0), (11.38;0.0), (11.4;0.0), (11.43;0.0), (11.45;0.0), (11.48;0.0), (11.5;1.005), (11.53;0.0), (11.55;0.0), (11.58;0.0), (11.6;0.0), (11.63;1.005), (11.65;0.0), (11.68;0.0), (11.7;0.0), (11.73;0.0), (11.75;0.0), (11.78;0.0), (11.8;0.0), (11.83;1.005), (11.85;1.005), (11.88;0.0), (11.9;1.005), (11.93;0.0), (11.95;1.005), (11.98;0.0), (12.0;1.005), (12.03;0.0), (12.05;1.005), (12.08;0.0), (12.1;0.0), (12.13;0.0), (12.15;2.01), (12.18;0.0), (12.2;1.005), (12.23;1.005), (12.25;0.0), (12.28;1.005), (12.3;0.0), (12.33;0.0), (12.35;0.0), (12.38;0.0), (12.4;1.005), (12.43;0.0), (12.45;1.005), (12.48;0.0), (12.5;1.005), (12.53;0.0), (12.55;0.0), (12.58;0.0), (12.6;1.005), (12.63;1.005), (12.65;1.005), (12.68;1.005), (12.7;0.0), (12.73;0.0), (12.75;0.0), (12.78;1.005), (12.8;0.0), (12.83;0.0), (12.85;0.0), (12.88;1.005), (12.9;1.005), (12.93;0.0), (12.95;1.005), (12.98;0.0), (13.0;0.0), (13.03;0.0), (13.05;0.0), (13.08;0.0), (13.1;0.0), (13.13;0.0), (13.15;0.0), (13.18;1.005), (13.2;1.005), (13.23;3.0149999999999997), (13.25;0.0), (13.28;0.0), (13.3;0.0), (13.33;1.005), (13.35;0.0), (13.38;1.005), (13.4;0.0), (13.43;0.0), (13.45;0.0), (13.48;0.0), (13.5;1.005), (13.53;1.005), (13.55;0)
Fe.ERD.0: (1.35;0), (1.38;0.0), (1.4;2.651), (1.43;0.0), (1.45;0.0), (1.47;0.0), (1.5;1.289), (1.52;1.282), (1.55;0.0), (1.57;0.0), (1.6;1.262), (1.62;2.517), (1.65;0.0), (1.67;1.243), (1.7;1.237), (1.72;0.0), (1.75;0.0), (1.77;1.218), (1.8;0.0), (1.82;0.0), (1.85;1.207), (1.87;0.0), (1.9;0.0), (1.92;1.19), (1.95;0.0), (1.97;0.0), (2.0;0.0), (2.02;0.0), (2.05;0.0), (2.07;0.0), (2.1;0.0), (2.12;0.0), (2.15;0.0), (2.17;0.0), (2.2;0.0), (2.22;1.142), (2.25;0.0), (2.27;0.0), (2.3;0.0), (2.32;0.0), (2.35;0.0), (2.37;1.122), (2.4;1.12), (2.42;2.233), (2.45;1.114), (2.47;0.0), (2.5;1.107), (2.52;1.105), (2.55;1.103), (2.57;1.101), (2.6;1.098), (2.62;0.0), (2.65;0.0), (2.67;0.0), (2.7;0.0), (2.72;0.0), (2.75;0.0), (2.77;0.0), (2.8;0.0), (2.82;0.0), (2.85;1.078), (2.87;0.0), (2.9;0.0), (2.92;0.0), (2.95;0.0), (2.97;0.0), (3.0;0.0), (3.02;0.0), (3.05;0.0), (3.07;0.0), (3.1;2.124), (3.12;0.0), (3.15;1.059), (3.17;0.0), (3.2;0.0), (3.22;0.0), (3.25;0.0), (3.27;0.0), (3.3;0.0), (3.32;0.0), (3.35;0.0), (3.37;0.0), (3.4;0.0), (3.42;1.046), (3.45;0.0), (3.47;1.044), (3.5;0.0), (3.52;0.0), (3.55;0.0), (3.57;0.0), (3.6;0.0), (3.62;0.0), (3.65;0.0), (3.67;0.0), (3.7;0.0), (3.72;0.0), (3.75;1.035), (3.77;0.0), (3.8;1.033), (3.82;0.0), (3.85;0.0), (3.87;0.0), (3.9;1.031), (3.92;0.0), (3.95;0.0), (3.97;0.0), (4.0;0.0), (4.02;0.0), (4.05;0.0), (4.07;0.0), (4.1;0.0), (4.12;0.0), (4.15;0.0), (4.17;0.0), (4.2;0.0), (4.22;0.0), (4.25;0.0), (4.27;0.0), (4.3;0.0), (4.32;0.0), (4.35;0.0), (4.37;0.0), (4.4;0.0), (4.42;0.0), (4.45;1.02), (4.47;0.0), (4.5;0.0), (4.52;1.019), (4.55;0.0), (4.57;0.0), (4.6;0.0), (4.62;0.0), (4.65;0.0), (4.68;0.0), (4.7;1.017), (4.73;0.0), (4.75;0.0), (4.78;0.0), (4.8;0.0), (4.83;1.016), (4.85;1.016), (4.88;0.0), (4.9;0.0), (4.93;0.0), (4.95;0.0), (4.98;0.0), (5.0;0.0), (5.03;0.0), (5.05;0.0), (5.08;0.0), (5.1;0.0), (5.13;0.0), (5.15;0.0), (5.18;0.0), (5.2;0.0), (5.23;0.0), (5.25;0.0), (5.28;0.0), (5.3;0.0), (5.33;0.0), (5.35;1.012), (5.38;0.0), (5.4;1.011), (5.43;0.0), (5.45;0.0), (5.48;0.0), (5.5;0.0), (5.53;0.0), (5.55;0.0), (5.58;1.01), (5.6;0.0), (5.63;0.0), (5.65;0.0), (5.68;0.0), (5.7;0.0), (5.73;0.0), (5.75;0.0), (5.78;0.0), (5.8;0.0), (5.83;0.0), (5.85;0.0), (5.88;0.0), (5.9;0.0), (5.93;0.0), (5.95;0.0), (5.98;0.0), (6.0;0.0), (6.03;0.0), (6.05;0.0), (6.08;0.0), (6.1;1.009), (6.13;1.008), (6.15;0.0), (6.18;0.0), (6.2;2.016), (6.23;0.0), (6.25;0.0), (6.28;0.0), (6.3;0.0), (6.33;0.0), (6.35;0.0), (6.38;0.0), (6.4;0.0), (6.43;0.0), (6.45;0.0), (6.48;0.0), (6.5;1.007), (6.53;0.0), (6.55;1.007), (6.58;0.0), (6.6;0.0), (6.63;0.0), (6.65;0.0), (6.68;0.0), (6.7;0.0), (6.73;1.007), (6.75;1.007), (6.78;0.0), (6.8;0.0), (6.83;0.0), (6.85;0.0), (6.88;0.0), (6.9;0.0), (6.93;0.0), (6.95;0.0), (6.98;0.0), (7.0;0.0), (7.03;0.0), (7.05;0.0), (7.08;0.0), (7.1;0.0), (7.13;0.0), (7.15;0.0), (7.18;0.0), (7.2;0.0), (7.23;0.0), (7.25;0.0), (7.28;0.0), (7.3;1.007), (7.33;0.0), (7.35;0.0), (7.38;0.0), (7.4;0.0), (7.43;0.0), (7.45;0.0), (7.48;0.0), (7.5;0.0), (7.53;0.0), (7.55;0.0), (7.58;0.0), (7.6;1.006), (7.63;0.0), (7.65;0.0), (7.68;0.0), (7.7;0.0), (7.73;0.0), (7.75;0.0), (7.78;0.0), (7.8;0.0), (7.83;0.0), (7.85;0.0), (7.88;0.0), (7.9;0.0), (7.93;0.0), (7.95;0.0), (7.98;0.0), (8.0;0.0), (8.03;0.0), (8.05;0.0), (8.08;0.0), (8.1;0.0), (8.13;0.0), (8.15;0.0), (8.18;0.0), (8.2;0.0), (8.23;0.0), (8.25;0.0), (8.28;1.006), (8.3;0.0), (8.33;1.006), (8.35;0.0), (8.38;0.0), (8.4;0.0), (8.43;0.0), (8.45;1.006), (8.48;0.0), (8.5;1.006), (8.53;0.0), (8.55;0.0), (8.58;0.0), (8.6;0.0), (8.63;0.0), (8.65;0.0), (8.68;0.0), (8.7;0.0), (8.73;0.0), (8.75;0.0), (8.78;0.0), (8.8;1.006), (8.83;0.0), (8.85;0.0), (8.88;0.0), (8.9;0.0), (8.93;1.006), (8.95;0.0), (8.98;0.0), (9.0;0.0), (9.03;0.0), (9.05;0.0), (9.08;0.0), (9.1;0.0), (9.13;0.0), (9.15;0.0), (9.18;0.0), (9.2;0.0), (9.23;0.0), (9.25;1.006), (9.28;0.0), (9.3;0.0), (9.33;0.0), (9.35;0.0), (9.38;0.0), (9.4;0.0), (9.43;0.0), (9.45;0.0), (9.48;0.0), (9.5;0.0), (9.53;0.0), (9.55;0.0), (9.58;0.0), (9.6;0.0), (9.63;0.0), (9.65;0.0), (9.68;0.0), (9.7;0.0), (9.73;0.0), (9.75;0.0), (9.78;0.0), (9.8;0.0), (9.83;0.0), (9.85;0.0), (9.88;1.006), (9.9;0.0), (9.93;0.0), (9.95;0.0), (9.98;0.0), (10.0;0.0), (10.03;0.0), (10.05;0.0), (10.08;0.0), (10.1;0.0), (10.13;0.0), (10.15;0.0), (10.18;0.0), (10.2;0.0), (10.23;0.0), (10.25;0.0), (10.28;0.0), (10.3;0.0), (10.33;0.0), (10.35;0.0), (10.38;0.0), (10.4;0.0), (10.43;0.0), (10.45;0.0), (10.48;0.0), (10.5;0.0), (10.53;1.005), (10.55;0.0), (10.58;0.0), (10.6;0.0), (10.63;0.0), (10.65;0.0), (10.68;0.0), (10.7;0.0), (10.73;0.0), (10.75;0.0), (10.78;0.0), (10.8;0.0), (10.83;0.0), (10.85;0.0), (10.88;0.0), (10.9;0.0), (10.93;0.0), (10.95;0.0), (10.98;0.0), (11.0;0.0), (11.03;0.0), (11.05;0.0), (11.08;0.0), (11.1;0.0), (11.13;0.0), (11.15;0.0), (11.18;0.0), (11.2;0.0), (11.23;0.0), (11.25;0.0), (11.28;0.0), (11.3;0.0), (11.33;0.0), (11.35;0.0), (11.38;0.0), (11.4;0.0), (11.43;0.0), (11.45;0.0), (11.48;0.0), (11.5;0.0), (11.53;1.005), (11.55;0.0), (11.58;0.0), (11.6;0.0), (11.63;0.0), (11.65;0.0), (11.68;0.0), (11.7;0.0), (11.73;0.0), (11.75;0.0), (11.78;0.0), (11.8;0.0), (11.83;0.0), (11.85;0.0), (11.88;0.0), (11.9;0.0), (11.93;0.0), (11.95;0.0), (11.98;0.0), (12.0;0.0), (12.03;0.0), (12.05;0.0), (12.08;0.0), (12.1;0.0), (12.13;0.0), (12.15;0.0), (12.18;0.0), (12.2;0.0), (12.23;0.0), (12.25;0.0), (12.28;0.0), (12.3;0.0), (12.33;0.0), (12.35;0.0), (12.38;0.0), (12.4;1.005), (12.43;0.0), (12.45;1.005), (12.48;0.0), (12.5;0.0), (12.53;0.0), (12.55;0.0), (12.58;0.0), (12.6;1.005), (12.63;0.0), (12.65;0.0), (12.68;0.0), (12.7;0.0), (12.73;0.0), (12.75;0.0), (12.78;0.0), (12.8;0.0), (12.83;0.0), (12.85;0.0), (12.88;0.0), (12.9;0.0), (12.93;0.0), (12.95;0.0), (12.98;0.0), (13.0;0.0), (13.03;0.0), (13.05;0.0), (13.08;0.0), (13.1;0.0), (13.13;1.005), (13.15;0)
Hf.ERD.0: (7.55;0), (7.58;0.0), (7.6;2.0), (7.63;0.0), (7.65;1.0), (7.68;1.0), (7.7;2.0), (7.73;2.0), (7.75;3.0), (7.78;2.0), (7.8;5.0), (7.83;1.0), (7.85;2.0), (7.88;4.0), (7.9;3.0), (7.93;0.0), (7.95;3.0), (7.98;1.0), (8.0;2.0), (8.03;0.0), (8.05;2.0), (8.08;3.0), (8.1;4.0), (8.13;4.0), (8.15;1.0), (8.18;3.0), (8.2;1.0), (8.23;2.0), (8.25;3.0), (8.28;1.0), (8.3;3.0), (8.33;0.0), (8.35;1.0), (8.38;2.0), (8.4;0.0), (8.43;1.0), (8.45;1.0), (8.48;0.0), (8.5;0.0), (8.53;0.0), (8.55;0.0), (8.58;1.0), (8.6;0.0), (8.63;1.0), (8.65;0.0), (8.68;2.0), (8.7;0.0), (8.73;0.0), (8.75;2.0), (8.78;2.0), (8.8;0.0), (8.83;1.0), (8.85;0.0), (8.88;3.0), (8.9;2.0), (8.93;4.0), (8.95;3.0), (8.98;1.0), (9.0;1.0), (9.03;1.0), (9.05;0.0), (9.08;0.0), (9.1;2.0), (9.13;2.0), (9.15;2.0), (9.18;0.0), (9.2;2.0), (9.23;2.0), (9.25;1.0), (9.28;1.0), (9.3;2.0), (9.33;1.0), (9.35;1.0), (9.38;1.0), (9.4;2.0), (9.43;0.0), (9.45;2.0), (9.48;1.0), (9.5;0.0), (9.53;1.0), (9.55;0.0), (9.58;3.0), (9.6;0.0), (9.63;2.0), (9.65;5.0), (9.68;0.0), (9.7;2.0), (9.73;2.0), (9.75;0.0), (9.78;1.0), (9.8;2.0), (9.83;1.0), (9.85;2.0), (9.88;1.0), (9.9;0.0), (9.93;1.0), (9.95;0.0), (9.98;1.0), (10.0;0.0), (10.03;0.0), (10.05;1.0), (10.08;0.0), (10.1;1.0), (10.13;1.0), (10.15;2.0), (10.18;4.0), (10.2;1.0), (10.23;2.0), (10.25;1.0), (10.28;1.0), (10.3;0.0), (10.33;3.0), (10.35;0.0), (10.38;0.0), (10.4;1.0), (10.43;2.0), (10.45;0.0), (10.48;0.0), (10.5;1.0), (10.53;2.0), (10.55;1.0), (10.58;0.0), (10.6;2.0), (10.63;0.0), (10.65;1.0), (10.68;3.0), (10.7;1.0), (10.73;0.0), (10.75;4.0), (10.78;1.0), (10.8;1.0), (10.83;3.0), (10.85;1.0), (10.88;1.0), (10.9;3.0), (10.93;0.0), (10.95;1.0), (10.98;1.0), (11.0;0.0), (11.03;0.0), (11.05;0.0), (11.08;0.0), (11.1;0.0), (11.13;3.0), (11.15;0.0), (11.18;1.0), (11.2;0.0), (11.23;1.0), (11.25;0.0), (11.28;0.0), (11.3;1.0), (11.33;1.0), (11.35;0.0), (11.38;3.0), (11.4;0.0), (11.43;2.0), (11.45;0.0), (11.48;1.0), (11.5;1.0), (11.53;1.0), (11.55;2.0), (11.58;0.0), (11.6;0.0), (11.63;0.0), (11.65;0.0), (11.68;3.0), (11.7;1.0), (11.73;0.0), (11.75;3.0), (11.78;1.0), (11.8;1.0), (11.83;0.0), (11.85;2.0), (11.88;2.0), (11.9;0.0), (11.93;1.0), (11.95;0.0), (11.98;1.0), (12.0;1.0), (12.03;0.0), (12.05;0.0), (12.08;2.0), (12.1;2.0), (12.13;1.0), (12.15;1.0), (12.18;1.0), (12.2;4.0), (12.23;3.0), (12.25;1.0), (12.28;2.0), (12.3;1.0), (12.33;1.0), (12.35;0.0), (12.38;1.0), (12.4;2.0), (12.43;1.0), (12.45;0.0), (12.48;0.0), (12.5;5.0), (12.53;1.0), (12.55;0.0), (12.58;0.0), (12.6;1.0), (12.63;1.0), (12.65;2.0), (12.68;0.0), (12.7;1.0), (12.73;3.0), (12.75;3.0), (12.78;1.0), (12.8;0.0), (12.83;1.0), (12.85;1.0), (12.88;2.0), (12.9;1.0), (12.93;0.0), (12.95;1.0), (12.98;1.0), (13.0;1.0), (13.03;0.0), (13.05;0.0), (13.08;3.0), (13.1;0.0), (13.13;1.0), (13.15;0.0), (13.18;4.0), (13.2;0.0), (13.23;1.0), (13.25;0.0), (13.28;0.0), (13.3;0.0), (13.33;1.0), (13.35;1.0), (13.38;1.0), (13.4;4.0), (13.43;0.0), (13.45;0.0), (13.48;0.0), (13.5;1.0), (13.53;1.0), (13.55;1.0), (13.58;1.0), (13.6;2.0), (13.63;1.0), (13.65;1.0), (13.68;1.0), (13.7;2.0), (13.73;1.0), (13.75;1.0), (13.78;2.0), (13.8;1.0), (13.83;4.0), (13.85;0.0), (13.88;1.0), (13.9;0.0), (13.93;0.0), (13.95;2.0), (13.98;0.0), (14.0;0.0), (14.03;0.0), (14.05;0.0), (14.08;1.0), (14.1;0.0), (14.13;1.0), (14.15;2.0), (14.18;1.0), (14.2;2.0), (14.23;1.0), (14.25;2.0), (14.28;1.0), (14.3;0.0), (14.33;2.0), (14.35;2.0), (14.38;3.0), (14.4;0.0), (14.43;1.0), (14.45;1.0), (14.48;0.0), (14.5;0.0), (14.53;0.0), (14.55;0.0), (14.58;2.0), (14.6;2.0), (14.63;2.0), (14.65;2.0), (14.68;3.0), (14.7;0.0), (14.73;2.0), (14.75;1.0), (14.78;3.0), (14.8;2.0), (14.83;1.0), (14.85;0.0), (14.88;2.0), (14.9;1.0), (14.93;1.0), (14.95;0.0), (14.98;1.0), (15.0;0.0), (15.03;1.0), (15.05;0.0), (15.08;1.0), (15.1;0.0), (15.13;0.0), (15.15;2.0), (15.18;1.0), (15.2;1.0), (15.23;1.0), (15.25;1.0), (15.28;0.0), (15.3;0.0), (15.33;0.0), (15.35;2.0), (15.38;2.0), (15.4;2.0), (15.43;1.0), (15.45;1.0), (15.48;2.0), (15.5;3.0), (15.53;1.0), (15.55;0.0), (15.58;0.0), (15.6;0.0), (15.63;0.0), (15.65;0.0), (15.68;0.0), (15.7;0.0), (15.73;0.0), (15.75;0.0), (15.78;1.0), (15.8;0.0), (15.83;3.0), (15.85;0.0), (15.88;2.0), (15.9;2.0), (15.93;0.0), (15.95;1.0), (15.98;0.0), (16.0;0.0), (16.03;1.0), (16.05;0.0), (16.08;0.0), (16.1;0.0), (16.13;0.0), (16.15;1.0), (16.18;0.0), (16.2;0.0), (16.23;0.0), (16.25;0.0), (16.28;0.0), (16.3;1.0), (16.33;0.0), (16.35;2.0), (16.38;1.0), (16.4;2.0), (16.43;0.0), (16.45;0.0), (16.48;0.0), (16.5;1.0), (16.53;1.0), (16.55;0.0), (16.58;1.0), (16.6;0.0), (16.63;0.0), (16.65;1.0), (16.68;1.0), (16.7;0.0), (16.73;0.0), (16.75;3.0), (16.78;0.0), (16.8;1.0), (16.83;0.0), (16.85;0.0), (16.88;2.0), (16.9;0.0), (16.93;1.0), (16.95;0.0), (16.98;0.0), (17.0;1.0), (17.03;0.0), (17.05;0.0), (17.08;2.0), (17.1;1.0), (17.13;0.0), (17.15;2.0), (17.18;2.0), (17.2;1.0), (17.23;2.0), (17.25;1.0), (17.28;0.0), (17.3;0.0), (17.33;2.0), (17.35;1.0), (17.38;0.0), (17.4;0.0), (17.43;0.0), (17.45;0.0), (17.48;0.0), (17.5;0.0), (17.53;1.0), (17.55;1.0), (17.58;0.0), (17.6;1.0), (17.63;1.0), (17.65;0.0), (17.68;0.0), (17.7;1.0), (17.73;3.0), (17.75;0.0), (17.78;1.0), (17.8;0.0), (17.83;1.0), (17.85;1.0), (17.88;1.0), (17.9;0.0), (17.93;0.0), (17.95;3.0), (17.98;2.0), (18.0;0.0), (18.03;1.0), (18.05;1.0), (18.07;2.0), (18.1;2.0), (18.12;1.0), (18.15;0.0), (18.17;0.0), (18.2;0.0), (18.22;0.0), (18.25;1.0), (18.27;0.0), (18.3;1.0), (18.32;0.0), (18.35;0.0), (18.37;2.0), (18.4;1.0), (18.42;2.0), (18.45;1.0), (18.47;1.0), (18.5;1.0), (18.52;0.0), (18.55;0.0), (18.57;0.0), (18.6;0.0), (18.62;0.0), (18.65;0.0), (18.67;0.0), (18.7;0.0), (18.72;0.0), (18.75;0.0), (18.77;0.0), (18.8;1.0), (18.82;0.0), (18.85;1.0), (18.87;0.0), (18.9;0.0), (18.92;0.0), (18.95;0.0), (18.97;0.0), (19.0;1.0), (19.02;0.0), (19.05;0.0), (19.07;0.0), (19.1;0.0), (19.12;0.0), (19.15;1.0), (19.17;1.0), (19.2;0.0), (19.22;1.0), (19.25;1.0), (19.27;0.0), (19.3;0.0), (19.32;0.0), (19.35;1.0), (19.37;0.0), (19.4;0.0), (19.42;4.0), (19.45;0.0), (19.47;0.0), (19.5;0.0), (19.52;2.0), (19.55;1.0), (19.57;2.0), (19.6;1.0), (19.62;1.0), (19.65;0.0), (19.67;0.0), (19.7;0.0), (19.72;0.0), (19.75;0.0), (19.77;0.0), (19.8;1.0), (19.82;3.0), (19.85;1.0), (19.87;0.0), (19.9;1.0), (19.92;1.0), (19.95;0.0), (19.97;2.0), (20.0;0.0), (20.02;0.0), (20.05;0.0), (20.07;0.0), (20.1;0.0), (20.12;0.0), (20.15;0.0), (20.17;0.0), (20.2;0.0), (20.22;0.0), (20.25;0.0), (20.27;1.0), (20.3;0.0), (20.32;0.0), (20.35;0.0), (20.37;0.0), (20.4;0.0), (20.42;0.0), (20.45;0.0), (20.47;0.0), (20.5;0.0), (20.52;0.0), (20.55;0.0), (20.57;0.0), (20.6;0.0), (20.62;0.0), (20.65;0.0), (20.67;0.0), (20.7;0.0), (20.72;0.0), (20.75;0.0), (20.77;0.0), (20.8;0.0), (20.82;0.0), (20.85;0.0), (20.87;0.0), (20.9;0.0), (20.92;0.0), (20.95;0.0), (20.97;0.0), (21.0;0.0), (21.02;0.0), (21.05;0.0), (21.07;0.0), (21.1;0.0), (21.12;0.0), (21.15;0.0), (21.17;0.0), (21.2;0.0), (21.22;0.0), (21.25;0.0), (21.27;0.0), (21.3;0.0), (21.32;1.0), (21.35;0)
Kr.ERD.0: (3.38;0), (3.4;0.0), (3.43;1.0), (3.45;0.0), (3.48;2.0), (3.5;0.0), (3.52;3.0), (3.55;1.0), (3.57;4.0), (3.6;3.0), (3.62;0.0), (3.65;2.0), (3.67;0.0), (3.7;2.0), (3.72;0.0), (3.75;2.0), (3.77;1.0), (3.8;2.0), (3.82;3.0), (3.85;4.0), (3.87;2.0), (3.9;1.0), (3.92;1.0), (3.95;2.0), (3.97;0.0), (4.0;1.0), (4.02;1.0), (4.05;2.0), (4.07;1.0), (4.1;2.0), (4.12;2.0), (4.15;2.0), (4.18;1.0), (4.2;1.0), (4.23;0.0), (4.25;0.0), (4.28;2.0), (4.3;0.0), (4.33;1.0), (4.35;1.0), (4.38;6.0), (4.4;2.0), (4.43;1.0), (4.45;1.0), (4.48;0.0), (4.5;1.0), (4.53;2.0), (4.55;1.0), (4.58;1.0), (4.6;6.0), (4.63;0.0), (4.65;0.0), (4.68;2.0), (4.7;4.0), (4.73;1.0), (4.75;0.0), (4.78;1.0), (4.8;2.0), (4.83;1.0), (4.85;1.0), (4.88;2.0), (4.9;1.0), (4.93;2.0), (4.95;0.0), (4.98;3.0), (5.0;0.0), (5.03;5.0), (5.05;3.0), (5.08;2.0), (5.1;5.0), (5.13;1.0), (5.15;1.0), (5.18;1.0), (5.2;4.0), (5.23;1.0), (5.25;0.0), (5.28;3.0), (5.3;1.0), (5.33;1.0), (5.35;2.0), (5.38;4.0), (5.4;1.0), (5.43;5.0), (5.45;4.0), (5.48;1.0), (5.5;3.0), (5.53;1.0), (5.55;3.0), (5.58;4.0), (5.6;2.0), (5.63;2.0), (5.65;6.0), (5.68;4.0), (5.7;3.0), (5.73;2.0), (5.75;0.0), (5.78;0.0), (5.8;5.0), (5.83;3.0), (5.85;3.0), (5.88;4.0), (5.9;6.0), (5.93;7.0), (5.95;6.0), (5.98;2.0), (6.0;2.0), (6.03;3.0), (6.05;3.0), (6.08;8.0), (6.1;1.0), (6.13;7.0), (6.15;6.0), (6.18;5.0), (6.2;5.0), (6.23;7.0), (6.25;2.0), (6.28;6.0), (6.3;7.0), (6.33;7.0), (6.35;4.0), (6.38;5.0), (6.4;5.0), (6.43;5.0), (6.45;8.0), (6.48;7.0), (6.5;4.0), (6.53;7.0), (6.55;2.0), (6.58;5.0), (6.6;3.0), (6.63;0.0), (6.65;0.0), (6.68;4.0), (6.7;4.0), (6.73;7.0), (6.75;4.0), (6.78;4.0), (6.8;3.0), (6.83;6.0), (6.85;2.0), (6.88;2.0), (6.9;2.0), (6.93;4.0), (6.95;1.0), (6.98;2.0), (7.0;6.0), (7.03;3.0), (7.05;3.0), (7.08;3.0), (7.1;2.0), (7.13;3.0), (7.15;4.0), (7.18;0.0), (7.2;0.0), (7.23;4.0), (7.25;3.0), (7.28;2.0), (7.3;2.0), (7.33;1.0), (7.35;2.0), (7.38;3.0), (7.4;1.0), (7.43;4.0), (7.45;4.0), (7.48;5.0), (7.5;2.0), (7.53;3.0), (7.55;3.0), (7.58;3.0), (7.6;3.0), (7.63;4.0), (7.65;5.0), (7.68;3.0), (7.7;2.0), (7.73;2.0), (7.75;7.0), (7.78;4.0), (7.8;5.0), (7.83;5.0), (7.85;4.0), (7.88;2.0), (7.9;4.0), (7.93;4.0), (7.95;4.0), (7.98;7.0), (8.0;1.0), (8.03;8.0), (8.05;5.0), (8.08;8.0), (8.1;8.0), (8.13;6.0), (8.15;5.0), (8.18;5.0), (8.2;4.0), (8.23;9.0), (8.25;4.0), (8.28;3.0), (8.3;4.0), (8.33;1.0), (8.35;2.0), (8.38;1.0), (8.4;2.0), (8.43;0.0), (8.45;1.0), (8.48;2.0), (8.5;2.0), (8.53;1.0), (8.55;5.0), (8.58;3.0), (8.6;2.0), (8.63;4.0), (8.65;3.0), (8.68;5.0), (8.7;2.0), (8.73;2.0), (8.75;4.0), (8.78;1.0), (8.8;2.0), (8.83;4.0), (8.85;2.0), (8.88;2.0), (8.9;9.0), (8.93;1.0), (8.95;12.0), (8.98;9.0), (9.0;0.0), (9.03;1.0), (9.05;3.0), (9.08;2.0), (9.1;4.0), (9.13;6.0), (9.15;4.0), (9.18;5.0), (9.2;0.0), (9.23;7.0), (9.25;6.0), (9.28;3.0), (9.3;3.0), (9.33;0.0), (9.35;5.0), (9.38;2.0), (9.4;6.0), (9.43;1.0), (9.45;5.0), (9.48;3.0), (9.5;3.0), (9.53;10.0), (9.55;4.0), (9.58;4.0), (9.6;0.0), (9.63;2.0), (9.65;1.0), (9.68;4.0), (9.7;3.0), (9.73;7.0), (9.75;2.0), (9.78;2.0), (9.8;6.0), (9.83;5.0), (9.85;3.0), (9.88;4.0), (9.9;5.0), (9.93;7.0), (9.95;2.0), (9.98;6.0), (10.0;8.0), (10.03;2.0), (10.05;0.0), (10.08;4.0), (10.1;5.0), (10.13;2.0), (10.15;3.0), (10.18;5.0), (10.2;3.0), (10.23;4.0), (10.25;7.0), (10.28;8.0), (10.3;2.0), (10.33;3.0), (10.35;4.0), (10.38;7.0), (10.4;2.0), (10.43;7.0), (10.45;4.0), (10.48;4.0), (10.5;6.0), (10.53;5.0), (10.55;7.0), (10.58;7.0), (10.6;4.0), (10.63;3.0), (10.65;5.0), (10.68;7.0), (10.7;2.0), (10.73;5.0), (10.75;8.0), (10.78;7.0), (10.8;6.0), (10.83;5.0), (10.85;5.0), (10.88;3.0), (10.9;7.0), (10.93;3.0), (10.95;3.0), (10.98;3.0), (11.0;2.0), (11.03;3.0), (11.05;5.0), (11.08;9.0), (11.1;8.0), (11.13;12.0), (11.15;8.0), (11.18;3.0), (11.2;4.0), (11.23;2.0), (11.25;3.0), (11.28;2.0), (11.3;8.0), (11.33;7.0), (11.35;3.0), (11.38;6.0), (11.4;4.0), (11.43;7.0), (11.45;6.0), (11.48;6.0), (11.5;5.0), (11.53;2.0), (11.55;8.0), (11.58;9.0), (11.6;6.0), (11.63;3.0), (11.65;6.0), (11.68;4.0), (11.7;8.0), (11.73;2.0), (11.75;13.0), (11.78;14.0), (11.8;8.0), (11.83;5.0), (11.85;6.0), (11.88;6.0), (11.9;10.0), (11.93;7.0), (11.95;3.0), (11.98;1.0), (12.0;4.0), (12.03;5.0), (12.05;9.0), (12.08;6.0), (12.1;12.0), (12.13;10.0), (12.15;6.0), (12.18;3.0), (12.2;11.0), (12.23;4.0), (12.25;4.0), (12.28;10.0), (12.3;8.0), (12.33;10.0), (12.35;6.0), (12.38;8.0), (12.4;12.0), (12.43;8.0), (12.45;6.0), (12.48;5.0), (12.5;5.0), (12.53;3.0), (12.55;4.0), (12.58;2.0), (12.6;5.0), (12.63;6.0), (12.65;7.0), (12.68;2.0), (12.7;9.0), (12.73;6.0), (12.75;7.0), (12.78;9.0), (12.8;9.0), (12.83;5.0), (12.85;9.0), (12.88;7.0), (12.9;8.0), (12.93;4.0), (12.95;5.0), (12.98;4.0), (13.0;5.0), (13.03;7.0), (13.05;7.0), (13.08;4.0), (13.1;5.0), (13.13;6.0), (13.15;5.0), (13.18;2.0), (13.2;3.0), (13.23;7.0), (13.25;4.0), (13.28;2.0), (13.3;4.0), (13.33;5.0), (13.35;4.0), (13.38;3.0), (13.4;1.0), (13.43;3.0), (13.45;4.0), (13.48;6.0), (13.5;5.0), (13.53;8.0), (13.55;3.0), (13.58;5.0), (13.6;4.0), (13.63;9.0), (13.65;4.0), (13.68;7.0), (13.7;3.0), (13.73;5.0), (13.75;0.0), (13.78;4.0), (13.8;6.0), (13.83;7.0), (13.85;9.0), (13.88;1.0), (13.9;3.0), (13.93;6.0), (13.95;8.0), (13.98;9.0), (14.0;3.0), (14.03;6.0), (14.05;2.0), (14.08;3.0), (14.1;4.0), (14.13;3.0), (14.15;8.0), (14.18;10.0), (14.2;10.0), (14.23;5.0), (14.25;6.0), (14.28;5.0), (14.3;6.0), (14.33;7.0), (14.35;8.0), (14.38;4.0), (14.4;3.0), (14.43;6.0), (14.45;3.0), (14.48;1.0), (14.5;3.0), (14.53;6.0), (14.55;1.0), (14.58;4.0), (14.6;3.0), (14.63;4.0), (14.65;11.0), (14.68;3.0), (14.7;6.0), (14.73;0.0), (14.75;5.0), (14.78;7.0), (14.8;5.0), (14.83;6.0), (14.85;4.0), (14.88;4.0), (14.9;3.0), (14.93;4.0), (14.95;6.0), (14.98;5.0), (15.0;10.0), (15.03;5.0), (15.05;7.0), (15.08;3.0), (15.1;4.0), (15.13;6.0), (15.15;5.0), (15.18;2.0), (15.2;10.0), (15.23;4.0), (15.25;5.0), (15.28;6.0), (15.3;8.0), (15.33;5.0), (15.35;4.0), (15.38;5.0), (15.4;2.0), (15.43;7.0), (15.45;6.0), (15.48;2.0), (15.5;9.0), (15.53;4.0), (15.55;2.0), (15.58;9.0), (15.6;7.0), (15.63;2.0), (15.65;6.0), (15.68;3.0), (15.7;5.0), (15.73;1.0), (15.75;4.0), (15.78;8.0), (15.8;7.0), (15.83;8.0), (15.85;0.0), (15.88;4.0), (15.9;4.0), (15.93;2.0), (15.95;3.0), (15.98;2.0), (16.0;1.0), (16.03;1.0), (16.05;1.0), (16.08;3.0), (16.1;1.0), (16.13;2.0), (16.15;3.0), (16.18;6.0), (16.2;4.0), (16.23;1.0), (16.25;1.0), (16.28;0.0), (16.3;1.0), (16.33;3.0), (16.35;2.0), (16.38;1.0), (16.4;2.0), (16.43;1.0), (16.45;1.0), (16.48;0.0), (16.5;2.0), (16.53;2.0), (16.55;2.0), (16.58;0.0), (16.6;0.0), (16.63;0.0), (16.65;1.0), (16.68;1.0), (16.7;0.0), (16.73;0.0), (16.75;0.0), (16.78;0.0), (16.8;0.0), (16.83;2.0), (16.85;0.0), (16.88;1.0), (16.9;0.0), (16.93;0.0), (16.95;1.0), (16.98;0.0), (17.0;0.0), (17.03;0.0), (17.05;0.0), (17.08;1.0), (17.1;0.0), (17.13;0.0), (17.15;0.0), (17.18;0.0), (17.2;0.0), (17.23;0.0), (17.25;0.0), (17.28;0.0), (17.3;0.0), (17.33;1.0), (17.35;0.0), (17.38;0.0), (17.4;0.0), (17.43;0.0), (17.45;0.0), (17.48;0.0), (17.5;0.0), (17.53;1.0), (17.55;0.0), (17.58;0.0), (17.6;0.0), (17.63;0.0), (17.65;0.0), (17.68;0.0), (17.7;0.0), (17.73;0.0), (17.75;0.0), (17.78;0.0), (17.8;0.0), (17.83;0.0), (17.85;0.0), (17.88;0.0), (17.9;0.0), (17.93;0.0), (17.95;0.0), (17.98;0.0), (18.0;0.0), (18.03;0.0), (18.05;0.0), (18.08;0.0), (18.1;0.0), (18.13;1.0), (18.15;0.0), (18.18;0.0), (18.2;0.0), (18.23;0.0), (18.25;0.0), (18.28;1.0), (18.3;0)
O.ERD.0: (0.72;0), (0.75;0.0), (0.78;1.438), (0.8;18.508), (0.83;15.472), (0.85;30.634), (0.88;41.23299999999998), (0.9;70.76299999999998), (0.93;88.96399999999996), (0.95;93.53599999999999), (0.98;121.79499999999992), (1.0;133.82600000000005), (1.03;169.24600000000015), (1.05;217.0459999999999), (1.07;229.41599999999966), (1.1;245.55799999999982), (1.12;281.8360000000001), (1.15;330.21599999999955), (1.17;306.75700000000114), (1.2;331.0630000000013), (1.22;323.0110000000006), (1.25;349.53899999999993), (1.27;292.7039999999993), (1.3;315.46), (1.32;328.52999999999986), (1.35;295.70699999999937), (1.37;323.0030000000003), (1.4;358.55300000000074), (1.42;344.11900000000156), (1.45;345.08600000000075), (1.47;323.711999999999), (1.5;313.17200000000014), (1.52;335.5210000000006), (1.55;336.68499999999875), (1.57;335.50100000000043), (1.6;322.87700000000126), (1.62;309.2729999999999), (1.65;345.1910000000002), (1.67;383.14500000000055), (1.7;336.3549999999985), (1.72;318.40799999999814), (1.75;316.47600000000034), (1.77;329.27099999999956), (1.8;299.06000000000074), (1.82;324.46199999999953), (1.85;353.1429999999986), (1.87;337.8210000000005), (1.9;296.6939999999986), (1.92;299.42300000000085), (1.95;332.39500000000027), (1.97;293.7609999999997), (2.0;330.0489999999996), (2.02;324.0170000000002), (2.05;317.9319999999984), (2.07;324.1460000000011), (2.1;335.85100000000057), (2.12;287.74199999999945), (2.15;301.67699999999854), (2.17;333.24100000000163), (2.2;330.4880000000003), (2.22;335.534999999999), (2.25;318.60100000000085), (2.27;267.79500000000075), (2.3;322.2900000000008), (2.32;306.65600000000114), (2.35;267.975999999999), (2.37;274.25800000000044), (2.4;328.5460000000015), (2.42;353.2709999999979), (2.45;303.8809999999998), (2.47;285.02099999999865), (2.5;298.90499999999906), (2.52;275.8440000000016), (2.55;278.86300000000017), (2.57;307.90500000000077), (2.6;269.7480000000003), (2.62;297.68699999999893), (2.65;287.70399999999904), (2.67;257.2150000000004), (2.7;286.1710000000015), (2.72;280.5400000000007), (2.75;289.9989999999998), (2.77;248.93500000000017), (2.8;298.32899999999955), (2.82;292.7079999999996), (2.85;269.9959999999984), (2.87;294.5499999999985), (2.9;263.1800000000014), (2.92;266.29100000000085), (2.95;262.8850000000004), (2.97;242.33300000000045), (3.0;257.28000000000054), (3.02;278.4810000000001), (3.05;272.034), (3.07;251.46899999999883), (3.1;284.61999999999864), (3.12;276.9099999999992), (3.15;245.86999999999892), (3.17;284.1420000000009), (3.2;259.5240000000012), (3.22;253.99200000000042), (3.25;269.95100000000053), (3.27;259.18899999999996), (3.3;271.83000000000015), (3.32;247.3120000000005), (3.35;269.5219999999997), (3.37;212.99999999999963), (3.4;249.20999999999955), (3.42;231.9539999999989), (3.45;262.80799999999886), (3.47;286.12899999999814), (3.5;264.6869999999987), (3.52;258.3089999999988), (3.55;252.9939999999988), (3.57;258.09700000000123), (3.6;233.64000000000098), (3.62;248.50800000000115), (3.65;253.74400000000085), (3.67;200.5290000000009), (3.7;233.42000000000112), (3.72;238.72500000000116), (3.75;244.92700000000042), (3.77;234.26000000000042), (3.8;235.32000000000042), (3.82;225.7800000000004), (3.85;218.29600000000008), (3.87;209.6819999999996), (3.9;219.21299999999957), (3.92;225.56699999999955), (3.95;253.1009999999995), (3.97;205.2749999999999), (4.0;243.3399999999996), (4.02;215.8319999999998), (4.05;188.32399999999998), (4.07;187.266), (4.1;207.36799999999985), (4.12;199.88699999999955), (4.15;216.68499999999918), (4.17;207.1719999999993), (4.2;186.03199999999953), (4.22;221.96999999999912), (4.25;200.82999999999936), (4.27;199.77299999999937), (4.3;214.47200000000103), (4.32;212.2560000000007), (4.35;206.97600000000065), (4.37;174.2400000000003), (4.4;212.2560000000007), (4.42;200.64000000000058), (4.45;212.2560000000007), (4.47;212.1350000000007), (4.5;201.50500000000088), (4.52;199.39500000000086), (4.55;198.34000000000086), (4.57;175.1300000000007), (4.6;201.50500000000088), (4.62;213.11000000000095), (4.65;170.91000000000068), (4.67;202.56000000000088), (4.7;195.17500000000084), (4.72;216.27500000000097), (4.75;209.94500000000093), (4.78;214.12600000000077), (4.8;187.61200000000028), (4.83;203.4220000000003), (4.85;189.72000000000028), (4.88;217.12400000000034), (4.9;192.8820000000003), (4.93;190.77400000000029), (4.95;209.74600000000032), (4.98;200.2600000000003), (5.0;186.55800000000028), (5.03;192.8820000000003), (5.05;221.34000000000034), (5.08;183.39600000000027), (5.1;182.34200000000027), (5.13;179.18000000000026), (5.15;162.31600000000023), (5.18;204.4760000000003), (5.2;209.74600000000032), (5.23;182.34200000000027), (5.25;186.55800000000028), (5.28;191.8280000000003), (5.3;179.0619999999997), (5.33;162.1619999999997), (5.35;171.63899999999967), (5.38;167.42699999999968), (5.4;160.0559999999997), (5.43;121.09499999999979), (5.45;105.29999999999983), (5.48;56.86199999999995), (5.5;46.33199999999998), (5.53;37.908), (5.55;25.272000000000013), (5.58;10.530000000000001), (5.6;10.530000000000001), (5.63;1.053), (5.65;10.530000000000001), (5.68;3.159), (5.7;4.212), (5.73;4.212), (5.75;3.159), (5.78;3.159), (5.8;2.106), (5.83;1.053), (5.85;3.159), (5.88;0.0), (5.9;0.0), (5.93;1.053), (5.95;0.0), (5.98;0.0), (6.0;0.0), (6.03;1.053), (6.05;0.0), (6.08;0.0), (6.1;1.053), (6.13;1.054), (6.15;1.054), (6.18;2.108), (6.2;0.0), (6.23;2.108), (6.25;0.0), (6.28;0.0), (6.3;1.054), (6.33;0.0), (6.35;0.0), (6.38;1.054), (6.4;1.054), (6.43;1.054), (6.45;0)
Xe.ERD.0: (8.62;0), (8.65;0.0), (8.68;1.0), (8.7;0.0), (8.73;0.0), (8.75;0.0), (8.78;0.0), (8.8;0.0), (8.83;0.0), (8.85;0.0), (8.88;0.0), (8.9;0.0), (8.93;0.0), (8.95;0.0), (8.98;0.0), (9.0;0.0), (9.03;0.0), (9.05;0.0), (9.08;0.0), (9.1;0.0), (9.13;1.0), (9.15;0.0), (9.18;0.0), (9.2;0.0), (9.23;0.0), (9.25;0.0), (9.28;0.0), (9.3;0.0), (9.33;0.0), (9.35;0.0), (9.38;0.0), (9.4;0.0), (9.43;0.0), (9.45;0.0), (9.48;0.0), (9.5;0.0), (9.53;0.0), (9.55;0.0), (9.58;0.0), (9.6;0.0), (9.63;1.0), (9.65;0.0), (9.68;0.0), (9.7;0.0), (9.73;0.0), (9.75;0.0), (9.78;0.0), (9.8;0.0), (9.83;0.0), (9.85;0.0), (9.88;0.0), (9.9;0.0), (9.93;0.0), (9.95;0.0), (9.98;0.0), (10.0;0.0), (10.03;0.0), (10.05;0.0), (10.08;0.0), (10.1;0.0), (10.13;0.0), (10.15;0.0), (10.18;0.0), (10.2;0.0), (10.23;0.0), (10.25;0.0), (10.28;0.0), (10.3;0.0), (10.33;0.0), (10.35;0.0), (10.38;0.0), (10.4;0.0), (10.43;0.0), (10.45;0.0), (10.48;0.0), (10.5;0.0), (10.53;0.0), (10.55;0.0), (10.58;0.0), (10.6;0.0), (10.63;0.0), (10.65;0.0), (10.68;0.0), (10.7;0.0), (10.73;0.0), (10.75;0.0), (10.78;0.0), (10.8;0.0), (10.83;0.0), (10.85;0.0), (10.88;0.0), (10.9;0.0), (10.93;0.0), (10.95;0.0), (10.98;0.0), (11.0;0.0), (11.03;0.0), (11.05;0.0), (11.08;0.0), (11.1;0.0), (11.13;0.0), (11.15;0.0), (11.18;0.0), (11.2;0.0), (11.23;0.0), (11.25;0.0), (11.28;0.0), (11.3;0.0), (11.33;0.0), (11.35;0.0), (11.38;0.0), (11.4;0.0), (11.43;0.0), (11.45;0.0), (11.48;0.0), (11.5;0.0), (11.53;0.0), (11.55;0.0), (11.58;0.0), (11.6;0.0), (11.63;0.0), (11.65;0.0), (11.68;0.0), (11.7;0.0), (11.73;0.0), (11.75;0.0), (11.78;0.0), (11.8;0.0), (11.83;0.0), (11.85;0.0), (11.88;0.0), (11.9;0.0), (11.93;0.0), (11.95;0.0), (11.98;0.0), (12.0;0.0), (12.03;0.0), (12.05;0.0), (12.08;0.0), (12.1;0.0), (12.13;0.0), (12.15;0.0), (12.18;0.0), (12.2;0.0), (12.23;0.0), (12.25;0.0), (12.28;0.0), (12.3;0.0), (12.33;0.0), (12.35;0.0), (12.38;0.0), (12.4;0.0), (12.43;0.0), (12.45;0.0), (12.48;0.0), (12.5;0.0), (12.53;0.0), (12.55;0.0), (12.58;0.0), (12.6;0.0), (12.63;0.0), (12.65;0.0), (12.68;0.0), (12.7;0.0), (12.73;0.0), (12.75;0.0), (12.78;0.0), (12.8;0.0), (12.83;0.0), (12.85;0.0), (12.88;0.0), (12.9;0.0), (12.93;0.0), (12.95;0.0), (12.98;0.0), (13.0;0.0), (13.03;0.0), (13.05;0.0), (13.08;0.0), (13.1;0.0), (13.13;0.0), (13.15;0.0), (13.18;0.0), (13.2;0.0), (13.23;0.0), (13.25;0.0), (13.28;0.0), (13.3;0.0), (13.33;0.0), (13.35;0.0), (13.38;1.0), (13.4;0.0), (13.43;0.0), (13.45;0.0), (13.48;0.0), (13.5;0.0), (13.53;0.0), (13.55;0.0), (13.58;0.0), (13.6;0.0), (13.63;0.0), (13.65;0.0), (13.68;0.0), (13.7;0.0), (13.73;0.0), (13.75;0.0), (13.78;0.0), (13.8;0.0), (13.83;0.0), (13.85;0.0), (13.88;0.0), (13.9;0.0), (13.93;0.0), (13.95;0.0), (13.98;0.0), (14.0;0.0), (14.03;0.0), (14.05;0.0), (14.08;0.0), (14.1;0.0), (14.13;0.0), (14.15;0.0), (14.18;0.0), (14.2;0.0), (14.23;0.0), (14.25;0.0), (14.28;0.0), (14.3;0.0), (14.33;0.0), (14.35;0.0), (14.38;0.0), (14.4;0.0), (14.43;0.0), (14.45;0.0), (14.48;0.0), (14.5;0.0), (14.53;0.0), (14.55;0.0), (14.58;0.0), (14.6;0.0), (14.63;0.0), (14.65;0.0), (14.68;0.0), (14.7;0.0), (14.73;0.0), (14.75;0.0), (14.78;0.0), (14.8;0.0), (14.83;0.0), (14.85;0.0), (14.88;0.0), (14.9;0.0), (14.93;0.0), (14.95;0.0), (14.98;0.0), (15.0;0.0), (15.03;0.0), (15.05;0.0), (15.08;0.0), (15.1;0.0), (15.13;0.0), (15.15;0.0), (15.18;0.0), (15.2;0.0), (15.23;0.0), (15.25;0.0), (15.28;0.0), (15.3;0.0), (15.33;0.0), (15.35;1.0), (15.38;0)
Zr.ERD.0: (1.15;0), (1.18;0.0), (1.2;1.0), (1.23;1.0), (1.25;1.0), (1.27;2.0), (1.3;2.0), (1.32;1.0), (1.35;11.0), (1.37;9.0), (1.4;2.0), (1.42;6.0), (1.45;7.0), (1.47;10.0), (1.5;11.0), (1.52;9.0), (1.55;19.0), (1.57;16.0), (1.6;18.0), (1.62;18.0), (1.65;16.0), (1.67;22.0), (1.7;30.0), (1.72;25.0), (1.75;25.0), (1.77;20.0), (1.8;26.0), (1.82;25.0), (1.85;28.0), (1.87;29.0), (1.9;17.0), (1.92;29.0), (1.95;34.0), (1.97;39.0), (2.0;36.0), (2.02;41.0), (2.05;33.0), (2.07;32.0), (2.1;34.0), (2.12;38.0), (2.15;37.0), (2.17;30.0), (2.2;51.0), (2.22;38.0), (2.25;42.0), (2.27;40.0), (2.3;48.0), (2.32;46.0), (2.35;35.0), (2.37;41.0), (2.4;47.0), (2.42;36.0), (2.45;41.0), (2.47;48.0), (2.5;46.0), (2.52;52.0), (2.55;34.0), (2.57;42.0), (2.6;45.0), (2.62;44.0), (2.65;38.0), (2.67;52.0), (2.7;44.0), (2.72;53.0), (2.75;48.0), (2.77;55.0), (2.8;50.0), (2.82;47.0), (2.85;56.0), (2.87;58.0), (2.9;48.0), (2.92;62.0), (2.95;58.0), (2.97;57.0), (3.0;60.0), (3.02;58.0), (3.05;61.0), (3.07;61.0), (3.1;62.0), (3.12;54.0), (3.15;59.0), (3.17;66.0), (3.2;77.0), (3.22;65.0), (3.25;59.0), (3.27;68.0), (3.3;70.0), (3.32;67.0), (3.35;64.0), (3.37;64.0), (3.4;70.0), (3.42;66.0), (3.45;60.0), (3.47;77.0), (3.5;63.0), (3.52;68.0), (3.55;77.0), (3.57;66.0), (3.6;81.0), (3.62;60.0), (3.65;65.0), (3.67;71.0), (3.7;65.0), (3.72;64.0), (3.75;64.0), (3.77;60.0), (3.8;78.0), (3.82;69.0), (3.85;76.0), (3.87;77.0), (3.9;81.0), (3.92;79.0), (3.95;78.0), (3.97;79.0), (4.0;79.0), (4.02;59.0), (4.05;79.0), (4.07;89.0), (4.1;87.0), (4.12;80.0), (4.15;99.0), (4.17;75.0), (4.2;86.0), (4.22;82.0), (4.25;71.0), (4.27;98.0), (4.3;80.0), (4.32;88.0), (4.35;86.0), (4.37;75.0), (4.4;87.0), (4.42;81.0), (4.45;75.0), (4.47;93.0), (4.5;65.0), (4.52;82.0), (4.55;78.0), (4.57;94.0), (4.6;95.0), (4.62;79.0), (4.65;93.0), (4.67;93.0), (4.7;70.0), (4.73;80.0), (4.75;71.0), (4.78;91.0), (4.8;59.0), (4.83;83.0), (4.85;76.0), (4.88;71.0), (4.9;71.0), (4.93;92.0), (4.95;82.0), (4.98;72.0), (5.0;88.0), (5.03;75.0), (5.05;83.0), (5.08;76.0), (5.1;86.0), (5.13;83.0), (5.15;101.0), (5.18;77.0), (5.2;86.0), (5.23;79.0), (5.25;76.0), (5.28;78.0), (5.3;87.0), (5.33;79.0), (5.35;98.0), (5.38;75.0), (5.4;94.0), (5.43;76.0), (5.45;81.0), (5.48;89.0), (5.5;85.0), (5.53;86.0), (5.55;86.0), (5.58;69.0), (5.6;81.0), (5.63;84.0), (5.65;103.0), (5.68;78.0), (5.7;84.0), (5.73;87.0), (5.75;90.0), (5.78;71.0), (5.8;82.0), (5.83;74.0), (5.85;92.0), (5.88;85.0), (5.9;90.0), (5.93;98.0), (5.95;105.0), (5.98;96.0), (6.0;90.0), (6.03;95.0), (6.05;91.0), (6.08;90.0), (6.1;66.0), (6.13;96.0), (6.15;92.0), (6.18;89.0), (6.2;88.0), (6.23;87.0), (6.25;78.0), (6.28;73.0), (6.3;90.0), (6.33;79.0), (6.35;92.0), (6.38;72.0), (6.4;75.0), (6.43;85.0), (6.45;74.0), (6.48;72.0), (6.5;85.0), (6.53;73.0), (6.55;77.0), (6.58;87.0), (6.6;79.0), (6.63;75.0), (6.65;82.0), (6.68;74.0), (6.7;72.0), (6.73;100.0), (6.75;85.0), (6.78;81.0), (6.8;82.0), (6.83;92.0), (6.85;95.0), (6.88;64.0), (6.9;90.0), (6.93;81.0), (6.95;85.0), (6.98;62.0), (7.0;92.0), (7.03;80.0), (7.05;86.0), (7.08;67.0), (7.1;80.0), (7.13;83.0), (7.15;77.0), (7.18;77.0), (7.2;76.0), (7.23;74.0), (7.25;91.0), (7.28;89.0), (7.3;88.0), (7.33;104.0), (7.35;86.0), (7.38;75.0), (7.4;80.0), (7.43;75.0), (7.45;75.0), (7.48;87.0), (7.5;73.0), (7.53;86.0), (7.55;83.0), (7.58;67.0), (7.6;88.0), (7.63;71.0), (7.65;77.0), (7.68;68.0), (7.7;81.0), (7.73;88.0), (7.75;85.0), (7.78;70.0), (7.8;82.0), (7.83;83.0), (7.85;85.0), (7.88;79.0), (7.9;83.0), (7.93;88.0), (7.95;69.0), (7.98;72.0), (8.0;78.0), (8.03;84.0), (8.05;78.0), (8.08;70.0), (8.1;80.0), (8.13;61.0), (8.15;66.0), (8.18;75.0), (8.2;72.0), (8.23;65.0), (8.25;78.0), (8.28;90.0), (8.3;66.0), (8.33;82.0), (8.35;77.0), (8.38;79.0), (8.4;79.0), (8.43;74.0), (8.45;61.0), (8.48;82.0), (8.5;79.0), (8.53;92.0), (8.55;65.0), (8.58;79.0), (8.6;85.0), (8.63;66.0), (8.65;68.0), (8.68;67.0), (8.7;85.0), (8.73;76.0), (8.75;80.0), (8.78;73.0), (8.8;77.0), (8.83;70.0), (8.85;66.0), (8.88;62.0), (8.9;59.0), (8.93;72.0), (8.95;69.0), (8.98;70.0), (9.0;68.0), (9.03;80.0), (9.05;74.0), (9.08;70.0), (9.1;59.0), (9.13;83.0), (9.15;69.0), (9.18;70.0), (9.2;82.0), (9.23;70.0), (9.25;77.0), (9.28;79.0), (9.3;79.0), (9.33;57.0), (9.35;65.0), (9.38;86.0), (9.4;84.0), (9.43;80.0), (9.45;70.0), (9.48;63.0), (9.5;71.0), (9.53;62.0), (9.55;74.0), (9.58;71.0), (9.6;57.0), (9.63;68.0), (9.65;61.0), (9.68;63.0), (9.7;63.0), (9.73;66.0), (9.75;70.0), (9.78;71.0), (9.8;56.0), (9.83;63.0), (9.85;60.0), (9.88;69.0), (9.9;71.0), (9.93;65.0), (9.95;67.0), (9.98;73.0), (10.0;57.0), (10.03;72.0), (10.05;55.0), (10.08;49.0), (10.1;84.0), (10.13;58.0), (10.15;53.0), (10.18;60.0), (10.2;75.0), (10.23;75.0), (10.25;77.0), (10.28;80.0), (10.3;55.0), (10.33;58.0), (10.35;58.0), (10.38;74.0), (10.4;54.0), (10.43;68.0), (10.45;54.0), (10.48;60.0), (10.5;49.0), (10.53;62.0), (10.55;59.0), (10.58;64.0), (10.6;84.0), (10.63;68.0), (10.65;52.0), (10.68;69.0), (10.7;61.0), (10.73;50.0), (10.75;52.0), (10.78;69.0), (10.8;54.0), (10.83;65.0), (10.85;71.0), (10.88;55.0), (10.9;60.0), (10.93;60.0), (10.95;62.0), (10.98;68.0), (11.0;48.0), (11.03;51.0), (11.05;46.0), (11.08;66.0), (11.1;54.0), (11.13;58.0), (11.15;50.0), (11.18;64.0), (11.2;58.0), (11.23;60.0), (11.25;58.0), (11.28;47.0), (11.3;59.0), (11.33;71.0), (11.35;71.0), (11.38;41.0), (11.4;76.0), (11.43;55.0), (11.45;68.0), (11.48;62.0), (11.5;52.0), (11.53;56.0), (11.55;58.0), (11.58;54.0), (11.6;60.0), (11.63;60.0), (11.65;61.0), (11.68;65.0), (11.7;62.0), (11.73;42.0), (11.75;54.0), (11.78;44.0), (11.8;54.0), (11.83;65.0), (11.85;49.0), (11.88;60.0), (11.9;59.0), (11.93;43.0), (11.95;49.0), (11.98;54.0), (12.0;62.0), (12.03;56.0), (12.05;56.0), (12.08;53.0), (12.1;56.0), (12.13;68.0), (12.15;51.0), (12.18;64.0), (12.2;54.0), (12.23;65.0), (12.25;58.0), (12.28;62.0), (12.3;48.0), (12.33;47.0), (12.35;57.0), (12.38;51.0), (12.4;57.0), (12.43;55.0), (12.45;56.0), (12.48;65.0), (12.5;54.0), (12.53;44.0), (12.55;55.0), (12.58;48.0), (12.6;49.0), (12.63;55.0), (12.65;60.0), (12.68;47.0), (12.7;49.0), (12.73;57.0), (12.75;43.0), (12.78;58.0), (12.8;55.0), (12.83;60.0), (12.85;55.0), (12.88;49.0), (12.9;35.0), (12.93;54.0), (12.95;33.0), (12.98;56.0), (13.0;54.0), (13.03;49.0), (13.05;66.0), (13.08;47.0), (13.1;49.0), (13.13;57.0), (13.15;55.0), (13.18;43.0), (13.2;42.0), (13.23;53.0), (13.25;41.0), (13.28;51.0), (13.3;43.0), (13.33;55.0), (13.35;48.0), (13.38;42.0), (13.4;54.0), (13.43;47.0), (13.45;51.0), (13.48;42.0), (13.5;54.0), (13.53;45.0), (13.55;47.0), (13.58;46.0), (13.6;35.0), (13.63;48.0), (13.65;46.0), (13.68;44.0), (13.7;52.0), (13.73;52.0), (13.75;49.0), (13.78;50.0), (13.8;48.0), (13.83;55.0), (13.85;39.0), (13.88;60.0), (13.9;52.0), (13.93;59.0), (13.95;60.0), (13.98;38.0), (14.0;43.0), (14.03;52.0), (14.05;49.0), (14.08;41.0), (14.1;49.0), (14.13;40.0), (14.15;40.0), (14.18;45.0), (14.2;45.0), (14.23;46.0), (14.25;43.0), (14.28;39.0), (14.3;58.0), (14.33;42.0), (14.35;48.0), (14.38;55.0), (14.4;64.0), (14.43;50.0), (14.45;54.0), (14.48;41.0), (14.5;45.0), (14.53;46.0), (14.55;56.0), (14.58;36.0), (14.6;53.0), (14.63;52.0), (14.65;58.0), (14.68;51.0), (14.7;54.0), (14.73;41.0), (14.75;30.0), (14.78;33.0), (14.8;51.0), (14.83;55.0), (14.85;40.0), (14.88;44.0), (14.9;35.0), (14.93;55.0), (14.95;38.0), (14.98;37.0), (15.0;45.0), (15.03;51.0), (15.05;52.0), (15.08;52.0), (15.1;43.0), (15.13;42.0), (15.15;45.0), (15.18;51.0), (15.2;53.0), (15.23;49.0), (15.25;44.0), (15.28;46.0), (15.3;40.0), (15.33;39.0), (15.35;51.0), (15.38;53.0), (15.4;41.0), (15.43;50.0), (15.45;48.0), (15.48;43.0), (15.5;41.0), (15.53;50.0), (15.55;34.0), (15.58;59.0), (15.6;44.0), (15.63;36.0), (15.65;52.0), (15.68;51.0), (15.7;41.0), (15.73;46.0), (15.75;34.0), (15.78;42.0), (15.8;39.0), (15.83;54.0), (15.85;64.0), (15.88;35.0), (15.9;26.0), (15.93;41.0), (15.95;47.0), (15.98;46.0), (16.0;45.0), (16.03;46.0), (16.05;48.0), (16.08;57.0), (16.1;36.0), (16.13;38.0), (16.15;44.0), (16.18;35.0), (16.2;41.0), (16.23;41.0), (16.25;38.0), (16.28;30.0), (16.3;42.0), (16.33;35.0), (16.35;40.0), (16.38;48.0), (16.4;38.0), (16.43;45.0), (16.45;43.0), (16.48;45.0), (16.5;32.0), (16.53;40.0), (16.55;48.0), (16.58;27.0), (16.6;34.0), (16.63;34.0), (16.65;45.0), (16.68;40.0), (16.7;29.0), (16.73;34.0), (16.75;33.0), (16.78;30.0), (16.8;24.0), (16.83;28.0), (16.85;36.0), (16.88;29.0), (16.9;27.0), (16.93;29.0), (16.95;19.0), (16.98;30.0), (17.0;29.0), (17.03;27.0), (17.05;23.0), (17.08;26.0), (17.1;17.0), (17.13;17.0), (17.15;19.0), (17.18;17.0), (17.2;17.0), (17.23;22.0), (17.25;10.0), (17.28;21.0), (17.3;19.0), (17.33;21.0), (17.35;8.0), (17.38;6.0), (17.4;11.0), (17.43;8.0), (17.45;3.0), (17.48;10.0), (17.5;10.0), (17.53;3.0), (17.55;9.0), (17.58;2.0), (17.6;2.0), (17.63;1.0), (17.65;5.0), (17.68;2.0), (17.7;1.0), (17.73;6.0), (17.75;1.0), (17.78;0.0), (17.8;1.0), (17.83;1.0), (17.85;4.0), (17.88;0.0), (17.9;2.0), (17.93;0.0), (17.95;3.0), (17.98;0.0), (18.0;1.0), (18.03;2.0), (18.05;2.0), (18.08;0.0), (18.1;2.0), (18.13;1.0), (18.15;2.0), (18.18;0.0), (18.2;1.0), (18.23;0.0), (18.25;1.0), (18.28;0.0), (18.3;1.0), (18.33;1.0), (18.35;0.0), (18.38;1.0), (18.4;1.0), (18.43;1.0), (18.45;0.0), (18.48;0.0), (18.5;1.0), (18.53;1.0), (18.55;0.0), (18.58;0.0), (18.6;0.0), (18.63;2.0), (18.65;0.0), (18.68;0.0), (18.7;1.0), (18.73;0.0), (18.75;0.0), (18.78;0.0), (18.8;1.0), (18.82;0.0), (18.85;0.0), (18.87;0.0), (18.9;0.0), (18.92;1.0), (18.95;0.0), (18.97;1.0), (19.0;0.0), (19.02;0.0), (19.05;0.0), (19.07;0.0), (19.1;0.0), (19.12;0.0), (19.15;1.0), (19.17;0.0), (19.2;0.0), (19.22;0.0), (19.25;1.0), (19.27;0.0), (19.3;0.0), (19.32;0.0), (19.35;0.0), (19.37;0.0), (19.4;0.0), (19.42;1.0), (19.45;0.0), (19.47;0.0), (19.5;0.0), (19.52;1.0), (19.55;0)
2024-03-05 15:07:52 - INFO - [Measurement : Kr-Imp] - Selection file C:\Users\niwi9751\potku\requests\20240305-KrXe-In-ZrO2.potku\Sample_02-Imp\Measurement_03-Kr-Imp\Data\Kr-Imp.selections was read successfully!
2024-03-05 15:08:10 - INFO - [Measurement : XeKr-Imp] - Selection file C:\Users\niwi9751\potku\requests\20240305-KrXe-In-ZrO2.potku\Sample_02-Imp\Measurement_04-XeKr-Imp\Data\XeKr-Imp.selections was read successfully!
2024-03-05 15:21:35 - INFO - [Measurement : Kr-Imp] - Selection file C:\Users\niwi9751\potku\requests\20240305-KrXe-In-ZrO2.potku\Sample_02-Imp\Measurement_03-Kr-Imp\Data\Kr-Imp.selections was read successfully!
2024-03-07 14:33:15 - INFO - [Measurement : XeKr-Imp] - Selection file C:\Users\niwi9751\potku\requests\20240304-KrXe-In-ZrO2.potku\Sample_02-Imp\Measurement_04-XeKr-Imp\Data\XeKr-Imp.selections was read successfully!
2024-03-07 14:33:16 - INFO - [Measurement : XeKr-Imp] - Backed up old tof.in file to C:\Users\niwi9751\potku\requests\20240304-KrXe-In-ZrO2.potku\Sample_02-Imp\Measurement_04-XeKr-Imp\tof_in\tof.in_2024-03-07_14.33.16.bak
2024-03-07 14:33:16 - INFO - [Measurement : XeKr-Imp] - Generated tof.in with params> 0
2024-03-07 14:33:21 - ERROR - [Measurement : XeKr-Imp] - Could not create Depth Profile graph: [Errno 2] No such file or directory: 'C:\\Users\\niwi9751\\potku\\requests\\20240305-KrXe-In-ZrO2.potku\\Sample_02-Imp\\Measurement_04-XeKr-Imp\\Data\\Cuts\\XeKr-Imp.Al.ERD.0.cut'
2024-03-07 14:33:28 - INFO - [Measurement : Kr-Imp] - Selection file C:\Users\niwi9751\potku\requests\20240304-KrXe-In-ZrO2.potku\Sample_02-Imp\Measurement_03-Kr-Imp\Data\Kr-Imp.selections was read successfully!
2024-03-07 14:33:29 - INFO - [Measurement : Kr-Imp] - Backed up old tof.in file to C:\Users\niwi9751\potku\requests\20240304-KrXe-In-ZrO2.potku\Sample_02-Imp\Measurement_03-Kr-Imp\tof_in\tof.in_2024-03-07_14.33.29.bak
2024-03-07 14:33:29 - INFO - [Measurement : Kr-Imp] - Generated tof.in with params> 0
2024-03-07 14:33:32 - ERROR - [Measurement : Kr-Imp] - Could not create Depth Profile graph: [Errno 2] No such file or directory: 'C:\\Users\\niwi9751\\potku\\requests\\20240305-KrXe-In-ZrO2.potku\\Sample_02-Imp\\Measurement_03-Kr-Imp\\Data\\Cuts\\Kr-Imp.Al.ERD.0.cut'
2024-03-07 14:43:27 - INFO - [Measurement : Fe-Imp] - Selection file C:\Users\niwi9751\potku\requests\20240304-KrXe-In-ZrO2.potku\Sample_02-Imp\Measurement_01-Fe-Imp\Data\Fe-Imp.selections was read successfully!
2024-03-07 14:43:28 - INFO - [Measurement : Fe-Imp] - Backed up old tof.in file to C:\Users\niwi9751\potku\requests\20240304-KrXe-In-ZrO2.potku\Sample_02-Imp\Measurement_01-Fe-Imp\tof_in\tof.in_2024-03-07_14.43.28.bak
2024-03-07 14:43:28 - INFO - [Measurement : Fe-Imp] - Generated tof.in with params> 0
2024-03-07 14:43:30 - ERROR - [Measurement : Fe-Imp] - Could not create Depth Profile graph: [Errno 2] No such file or directory: 'C:\\Users\\niwi9751\\potku\\requests\\20240305-KrXe-In-ZrO2.potku\\Sample_02-Imp\\Measurement_01-Fe-Imp\\Data\\Cuts\\Fe-Imp.Al.ERD.0.cut'
2024-03-07 14:44:07 - INFO - [Measurement : Xe-Imp] - Selection file C:\Users\niwi9751\potku\requests\20240304-KrXe-In-ZrO2.potku\Sample_02-Imp\Measurement_02-Xe-Imp\Data\Xe-Imp.selections was read successfully!
2024-03-07 14:44:08 - INFO - [Measurement : Xe-Imp] - Backed up old tof.in file to C:\Users\niwi9751\potku\requests\20240304-KrXe-In-ZrO2.potku\Sample_02-Imp\Measurement_02-Xe-Imp\tof_in\tof.in_2024-03-07_14.44.08.bak
2024-03-07 14:44:08 - INFO - [Measurement : Xe-Imp] - Generated tof.in with params> 0
2024-03-07 14:44:10 - ERROR - [Measurement : Xe-Imp] - Could not create Depth Profile graph: [Errno 2] No such file or directory: 'C:\\Users\\niwi9751\\potku\\requests\\20240305-KrXe-In-ZrO2.potku\\Sample_02-Imp\\Measurement_02-Xe-Imp\\Data\\Cuts\\Xe-Imp.Al.ERD.0.cut'
2024-03-07 15:02:06 - INFO - [Measurement : Fe-Imp] - Selection file C:\Users\niwi9751\potku\requests\20240304-KrXe-In-ZrO2.potku\Sample_02-Imp\Measurement_01-Fe-Imp\Data\Fe-Imp.selections was read successfully!
2024-03-07 15:02:59 - INFO - [Measurement : Fe-Imp] - Selection file C:\Users\niwi9751\potku\requests\20240304-KrXe-In-ZrO2.potku\Sample_02-Imp\Measurement_01-Fe-Imp\Data\Fe-Imp.selections was read successfully!
2024-03-07 15:04:04 - INFO - [Measurement : Fe-Imp] - Selection file C:\Users\niwi9751\potku\requests\20240304-KrXe-In-ZrO2.potku\Sample_02-Imp\Measurement_01-Fe-Imp\Data\Fe-Imp.selections was read successfully!
2024-03-07 15:08:29 - INFO - [Measurement : Fe-Imp] - Selection file C:\Users\niwi9751\potku\requests\20240304-KrXe-In-ZrO2.potku\Sample_02-Imp\Measurement_01-Fe-Imp\Data\Fe-Imp.selections was read successfully!
2024-03-07 15:12:14 - INFO - [Measurement : Fe-Imp] - Selection file C:\Users\niwi9751\potku\requests\20240304-KrXe-In-ZrO2.potku\Sample_02-Imp\Measurement_01-Fe-Imp\Data\Fe-Imp.selections was read successfully!
2024-03-07 15:12:20 - INFO - [Measurement : Xe-Imp] - Selection file C:\Users\niwi9751\potku\requests\20240304-KrXe-In-ZrO2.potku\Sample_02-Imp\Measurement_02-Xe-Imp\Data\Xe-Imp.selections was read successfully!
2024-03-07 15:12:25 - ERROR - [Measurement : Kr-Imp] - Could not read selection data from C:\Users\niwi9751\potku\requests\20240304-KrXe-In-ZrO2.potku\Sample_02-Imp\Measurement_03-Kr-Imp\Data\Kr-Imp.selections. Reason: list index out of range. Check that the file contains valid data.
2024-03-07 15:12:34 - ERROR - [Measurement : XeKr-Imp] - Could not read selection data from C:\Users\niwi9751\potku\requests\20240304-KrXe-In-ZrO2.potku\Sample_02-Imp\Measurement_04-XeKr-Imp\Data\XeKr-Imp.selections. Reason: list index out of range. Check that the file contains valid data.
2024-03-07 15:13:19 - INFO - [Measurement : Kr-Imp] - Chosen selections were read successfully!
2024-03-07 15:13:32 - INFO - [Measurement : Kr-Imp] - Chosen selections were read successfully!
2024-03-07 15:13:44 - INFO - [Measurement : XeKr-Imp] - Chosen selections were read successfully!
2024-03-07 15:13:50 - INFO - [Measurement : XeKr-Imp] - Saving finished in 0.3041536808013916 seconds.
2024-03-07 15:13:52 - INFO - [Measurement : XeKr-Imp] - Saving finished in 0.30814337730407715 seconds.
2024-03-07 15:13:54 - INFO - [Measurement : XeKr-Imp] - Saving finished in 0.3071904182434082 seconds.
2024-03-07 15:13:56 - INFO - [Measurement : XeKr-Imp] - Saving finished in 0.3051478862762451 seconds.
2024-03-07 15:14:22 - INFO - [Measurement : Kr-Imp] - Saving finished in 0.2872011661529541 seconds.
2024-03-07 15:14:36 - INFO - [Measurement : Xe-Imp] - Saving finished in 0.30717968940734863 seconds.
2024-03-13 14:25:25 - INFO - [Measurement : Fe-Imp] - Selection file C:\Users\niwi9751\potku\requests\20240304-KrXe-In-ZrO2.potku\Sample_02-Imp\Measurement_01-Fe-Imp\Data\Fe-Imp.selections was read successfully!
2024-03-13 14:26:11 - INFO - [Measurement : Fe-Imp] - Backed up old tof.in file to C:\Users\niwi9751\potku\requests\20240304-KrXe-In-ZrO2.potku\Sample_02-Imp\Measurement_01-Fe-Imp\tof_in\tof.in_2024-03-13_14.26.11.bak
2024-03-13 14:26:11 - INFO - [Measurement : Fe-Imp] - Generated tof.in with params> 0
2024-03-18 13:32:37 - INFO - [Measurement : Fe-Imp] - Selection file C:\Users\niwi9751\potku\requests\20240304-KrXe-In-ZrO2.potku\Sample_02-Imp\Measurement_01-Fe-Imp\Data\Fe-Imp.selections was read successfully!
2024-05-24 09:46:37 - INFO - [Measurement : Kr-Imp] - Selection file C:\Users\Nils\Dropbox\Nils_Files\Tof_ERDA_Files\20240304-KrXe-In-ZrO2.potku\Sample_02-Imp\Measurement_03-Kr-Imp\Data\Kr-Imp.selections was read successfully!
2024-05-24 09:47:52 - INFO - [Measurement : Kr-Imp] - Backed up old tof.in file to C:\Users\Nils\Dropbox\Nils_Files\Tof_ERDA_Files\20240304-KrXe-In-ZrO2.potku\Sample_02-Imp\Measurement_03-Kr-Imp\tof_in\tof.in_2024-05-24_09.47.52.bak
2024-05-24 09:47:52 - INFO - [Measurement : Kr-Imp] - Generated tof.in with params> 0
2024-05-24 09:47:56 - ERROR - [Measurement : Kr-Imp] - Could not create Depth Profile graph: [Errno 2] No such file or directory: 'C:\\Users\\niwi9751\\potku\\requests\\20240304-KrXe-In-ZrO2.potku\\Sample_02-Imp\\Measurement_03-Kr-Imp\\Data\\Cuts\\Kr-Imp.Al.ERD.0.cut'
2024-06-11 19:16:02 - INFO - [Measurement : TiN] - Selection file C:\Users\Nils\Dropbox\Nils_Files\Tof_ERDA_Files\20240304-KrXe-In-ZrO2.potku\Sample_01-Ref\Measurement_02-TiN\Data\TiN.selections was read successfully!
2024-09-06 06:51:23 - INFO - [Measurement : SiC] - Selection file /mnt/StorageVolume/Dropbox/work-UU/DATA_ANALYSIS/analysis_ToF-ERDA/20240304_ToF-ERDA_Nils/20240304-KrXe-In-ZrO2.potku/Sample_01-Ref/Measurement_01-SiC/Data/SiC.selections was read successfully!
2024-09-06 06:51:25 - INFO - [Measurement : TiN] - Selection file /mnt/StorageVolume/Dropbox/work-UU/DATA_ANALYSIS/analysis_ToF-ERDA/20240304_ToF-ERDA_Nils/20240304-KrXe-In-ZrO2.potku/Sample_01-Ref/Measurement_02-TiN/Data/TiN.selections was read successfully!
2024-09-06 06:51:26 - INFO - [Measurement : Cu] - Selection file /mnt/StorageVolume/Dropbox/work-UU/DATA_ANALYSIS/analysis_ToF-ERDA/20240304_ToF-ERDA_Nils/20240304-KrXe-In-ZrO2.potku/Sample_01-Ref/Measurement_03-Cu/Data/Cu.selections was read successfully!
2024-09-06 06:51:26 - INFO - [Measurement : Cu] - Backed up old tof.in file to /mnt/StorageVolume/Dropbox/work-UU/DATA_ANALYSIS/analysis_ToF-ERDA/20240304_ToF-ERDA_Nils/20240304-KrXe-In-ZrO2.potku/Sample_01-Ref/Measurement_03-Cu/tof_in/tof.in_2024-09-06_06.51.26.bak
2024-09-06 06:51:26 - INFO - [Measurement : Cu] - Generated tof.in with params> 0
2024-09-06 06:51:26 - ERROR - [Measurement : Cu] - Could not create Depth Profile graph: [Errno 2] No such file or directory: '/mnt/StorageVolume/Dropbox/work-UU/DATA_ANALYSIS/analysis_ToF-ERDA/20240304_ToF-ERDA_Nils/20240304-KrXe-In-ZrO2.potku/Sample_01-Ref/Measurement_03-Cu/C:/Users/niwi9751/potku/requests/20240305-KrXe-In-ZrO2.potku/Sample_01-Ref/Measurement_03-Cu/Data/Cuts/Cu.Cu.ERD.0.cut'
2024-09-06 06:51:46 - INFO - [Measurement : Xe-Imp] - Selection file /mnt/StorageVolume/Dropbox/work-UU/DATA_ANALYSIS/analysis_ToF-ERDA/20240304_ToF-ERDA_Nils/20240304-KrXe-In-ZrO2.potku/Sample_02-Imp/Measurement_02-Xe-Imp/Data/Xe-Imp.selections was read successfully!
2024-09-06 06:51:46 - INFO - [Measurement : Xe-Imp] - Backed up old tof.in file to /mnt/StorageVolume/Dropbox/work-UU/DATA_ANALYSIS/analysis_ToF-ERDA/20240304_ToF-ERDA_Nils/20240304-KrXe-In-ZrO2.potku/Sample_02-Imp/Measurement_02-Xe-Imp/tof_in/tof.in_2024-09-06_06.51.46.bak
2024-09-06 06:51:46 - INFO - [Measurement : Xe-Imp] - Generated tof.in with params> 0
2024-09-06 06:51:46 - ERROR - [Measurement : Xe-Imp] - Could not create Depth Profile graph: [Errno 2] No such file or directory: '/mnt/StorageVolume/Dropbox/work-UU/DATA_ANALYSIS/analysis_ToF-ERDA/20240304_ToF-ERDA_Nils/20240304-KrXe-In-ZrO2.potku/Sample_02-Imp/Measurement_02-Xe-Imp/C:/Users/niwi9751/potku/requests/20240304-KrXe-In-ZrO2.potku/Sample_02-Imp/Measurement_02-Xe-Imp/Data/Cuts/Xe-Imp.Al.ERD.0.cut'
2024-09-06 06:55:52 - INFO - [Measurement : Kr-Imp] - Selection file /mnt/StorageVolume/Dropbox/work-UU/DATA_ANALYSIS/analysis_ToF-ERDA/20240304_ToF-ERDA_Nils/20240304-KrXe-In-ZrO2.potku/Sample_02-Imp/Measurement_03-Kr-Imp/Data/Kr-Imp.selections was read successfully!
2024-09-06 06:55:52 - INFO - [Measurement : Kr-Imp] - Backed up old tof.in file to /mnt/StorageVolume/Dropbox/work-UU/DATA_ANALYSIS/analysis_ToF-ERDA/20240304_ToF-ERDA_Nils/20240304-KrXe-In-ZrO2.potku/Sample_02-Imp/Measurement_03-Kr-Imp/tof_in/tof.in_2024-09-06_06.55.52.bak
2024-09-06 06:55:52 - INFO - [Measurement : Kr-Imp] - Generated tof.in with params> 0
2024-09-06 06:55:52 - ERROR - [Measurement : Kr-Imp] - Could not create Depth Profile graph: [Errno 2] No such file or directory: '/mnt/StorageVolume/Dropbox/work-UU/DATA_ANALYSIS/analysis_ToF-ERDA/20240304_ToF-ERDA_Nils/20240304-KrXe-In-ZrO2.potku/Sample_02-Imp/Measurement_03-Kr-Imp/C:/Users/niwi9751/potku/requests/20240304-KrXe-In-ZrO2.potku/Sample_02-Imp/Measurement_03-Kr-Imp/Data/Cuts/Kr-Imp.Al.ERD.0.cut'
2024-09-06 06:55:56 - INFO - [Measurement : Xe-Imp] - Selection file /mnt/StorageVolume/Dropbox/work-UU/DATA_ANALYSIS/analysis_ToF-ERDA/20240304_ToF-ERDA_Nils/20240304-KrXe-In-ZrO2.potku/Sample_02-Imp/Measurement_02-Xe-Imp/Data/Xe-Imp.selections was read successfully!
2024-09-06 07:00:43 - INFO - [Measurement : Xe-Imp] - Saving finished in 0.24318528175354004 seconds.
2024-09-06 07:00:47 - INFO - [Measurement : SiC] - Selection file /mnt/StorageVolume/Dropbox/work-UU/DATA_ANALYSIS/analysis_ToF-ERDA/20240304_ToF-ERDA_Nils/20240304-KrXe-In-ZrO2.potku/Sample_01-Ref/Measurement_01-SiC/Data/SiC.selections was read successfully!
2024-09-06 07:03:12 - INFO - [Measurement : SiC] - Saving single cut finished in 0.0101318359375 seconds.
2024-09-06 07:03:13 - INFO - [Measurement : SiC] - Saving finished in 0.017534971237182617 seconds.
2024-09-06 07:04:25 - INFO - [Measurement : SiC] - Saving single cut finished in 0.012108325958251953 seconds.
2024-09-06 07:04:25 - INFO - [Measurement : SiC] - Saving finished in 0.01691460609436035 seconds.
2024-09-06 07:04:35 - INFO - [Measurement : TiN] - Selection file /mnt/StorageVolume/Dropbox/work-UU/DATA_ANALYSIS/analysis_ToF-ERDA/20240304_ToF-ERDA_Nils/20240304-KrXe-In-ZrO2.potku/Sample_01-Ref/Measurement_02-TiN/Data/TiN.selections was read successfully!
2024-09-06 07:04:59 - INFO - [Measurement : Cu] - Selection file /mnt/StorageVolume/Dropbox/work-UU/DATA_ANALYSIS/analysis_ToF-ERDA/20240304_ToF-ERDA_Nils/20240304-KrXe-In-ZrO2.potku/Sample_01-Ref/Measurement_03-Cu/Data/Cu.selections was read successfully!
2024-09-06 07:04:59 - ERROR - [Measurement : Cu] - Could not create Depth Profile graph: [Errno 2] No such file or directory: '/mnt/StorageVolume/Dropbox/work-UU/DATA_ANALYSIS/analysis_ToF-ERDA/20240304_ToF-ERDA_Nils/20240304-KrXe-In-ZrO2.potku/Sample_01-Ref/Measurement_03-Cu/C:/Users/niwi9751/potku/requests/20240305-KrXe-In-ZrO2.potku/Sample_01-Ref/Measurement_03-Cu/Data/Cuts/Cu.Cu.ERD.0.cut'
2024-09-06 07:05:10 - INFO - [Measurement : Cu] - Saving finished in 0.012848615646362305 seconds.
2024-09-06 07:05:13 - INFO - [Measurement : TiN] - Saving finished in 0.008474111557006836 seconds.
2024-09-06 07:05:39 - INFO - [Measurement : Xe-Imp] - Saving single cut finished in 0.013608932495117188 seconds.
2024-09-06 07:06:24 - INFO - [Measurement : Xe-Imp] - Saving finished in 0.23795294761657715 seconds.
2024-09-06 07:08:30 - INFO - [Measurement : SiC] - Saving single cut finished in 0.012161016464233398 seconds.
2024-09-06 07:08:31 - INFO - [Measurement : SiC] - Saving finished in 0.018392324447631836 seconds.
2024-09-06 07:08:44 - INFO - [Measurement : Xe-Imp] - Saving single cut finished in 0.016550064086914062 seconds.
2024-09-06 07:09:06 - INFO - [Measurement : Xe-Imp] - Saving finished in 0.23105120658874512 seconds.
2024-09-06 07:11:11 - INFO - [Measurement : Xe-Imp] - Saving single cut finished in 0.05142092704772949 seconds.
2024-09-06 07:11:12 - INFO - [Measurement : Xe-Imp] - Saving finished in 0.22805404663085938 seconds.
2024-09-06 07:14:58 - INFO - [Measurement : Kr-Imp] - Saving single cut finished in 0.05742025375366211 seconds.
2024-09-06 07:15:27 - INFO - [Measurement : Kr-Imp] - Saving finished in 0.2302544116973877 seconds.
2024-09-06 07:16:11 - INFO - [Measurement : Kr-Imp] - Saving finished in 0.21527671813964844 seconds.
2024-09-06 07:16:12 - INFO - [Measurement : Kr-Imp] - Saving single cut finished in 0.011024951934814453 seconds.
2024-09-06 07:16:26 - INFO - [Measurement : Kr-Imp] - Saving finished in 0.21334528923034668 seconds.
2024-09-06 07:16:29 - INFO - [Measurement : Xe-Imp] - Saving finished in 0.2238302230834961 seconds.
2024-09-06 07:18:13 - INFO - [Measurement : SiC] - Saving single cut finished in 0.01653766632080078 seconds.
2024-09-06 07:20:20 - INFO - [Measurement : SiC] - Saving single cut finished in 0.012992143630981445 seconds.
2024-09-06 07:20:32 - INFO - [Measurement : Xe-Imp] - Saving single cut finished in 0.028424739837646484 seconds.
2024-09-06 07:20:44 - INFO - [Measurement : Xe-Imp] - Saving finished in 0.2362668514251709 seconds.
2024-09-06 07:20:54 - INFO - [Measurement : Kr-Imp] - Saving finished in 0.20245575904846191 seconds.
2024-09-06 07:20:56 - INFO - [Measurement : Kr-Imp] - Saving single cut finished in 0.02817249298095703 seconds.
2024-09-06 07:21:33 - INFO - [Measurement : XeKr-Imp] - Selection file /mnt/StorageVolume/Dropbox/work-UU/DATA_ANALYSIS/analysis_ToF-ERDA/20240304_ToF-ERDA_Nils/20240304-KrXe-In-ZrO2.potku/Sample_02-Imp/Measurement_04-XeKr-Imp/Data/XeKr-Imp.selections was read successfully!
2024-09-06 07:21:33 - INFO - [Measurement : XeKr-Imp] - Backed up old tof.in file to /mnt/StorageVolume/Dropbox/work-UU/DATA_ANALYSIS/analysis_ToF-ERDA/20240304_ToF-ERDA_Nils/20240304-KrXe-In-ZrO2.potku/Sample_02-Imp/Measurement_04-XeKr-Imp/tof_in/tof.in_2024-09-06_07.21.33.bak
2024-09-06 07:21:33 - INFO - [Measurement : XeKr-Imp] - Generated tof.in with params> 0
2024-09-06 07:21:33 - ERROR - [Measurement : XeKr-Imp] - Could not create Depth Profile graph: [Errno 2] No such file or directory: '/mnt/StorageVolume/Dropbox/work-UU/DATA_ANALYSIS/analysis_ToF-ERDA/20240304_ToF-ERDA_Nils/20240304-KrXe-In-ZrO2.potku/Sample_02-Imp/Measurement_04-XeKr-Imp/C:/Users/niwi9751/potku/requests/20240304-KrXe-In-ZrO2.potku/Sample_02-Imp/Measurement_04-XeKr-Imp/Data/Cuts/XeKr-Imp.Al.ERD.0.cut'
2024-09-06 07:21:58 - INFO - [Measurement : Kr-Imp] - Saving finished in 0.21581435203552246 seconds.
2024-09-06 07:22:01 - INFO - [Measurement : Xe-Imp] - Saving finished in 0.22562289237976074 seconds.
2024-09-06 07:22:03 - INFO - [Measurement : Fe-Imp] - Selection file /mnt/StorageVolume/Dropbox/work-UU/DATA_ANALYSIS/analysis_ToF-ERDA/20240304_ToF-ERDA_Nils/20240304-KrXe-In-ZrO2.potku/Sample_02-Imp/Measurement_01-Fe-Imp/Data/Fe-Imp.selections was read successfully!
2024-09-06 07:22:04 - INFO - [Measurement : Fe-Imp] - Backed up old tof.in file to /mnt/StorageVolume/Dropbox/work-UU/DATA_ANALYSIS/analysis_ToF-ERDA/20240304_ToF-ERDA_Nils/20240304-KrXe-In-ZrO2.potku/Sample_02-Imp/Measurement_01-Fe-Imp/tof_in/tof.in_2024-09-06_07.22.04.bak
2024-09-06 07:22:04 - INFO - [Measurement : Fe-Imp] - Generated tof.in with params> 0
2024-09-06 07:22:04 - ERROR - [Measurement : Fe-Imp] - Could not create Depth Profile graph: [Errno 2] No such file or directory: '/mnt/StorageVolume/Dropbox/work-UU/DATA_ANALYSIS/analysis_ToF-ERDA/20240304_ToF-ERDA_Nils/20240304-KrXe-In-ZrO2.potku/Sample_02-Imp/Measurement_01-Fe-Imp/C:/Users/niwi9751/potku/requests/20240304-KrXe-In-ZrO2.potku/Sample_02-Imp/Measurement_01-Fe-Imp/Data/Cuts/Fe-Imp.Al.ERD.0.cut'
2024-09-06 07:22:08 - INFO - [Measurement : Fe-Imp] - Saving finished in 0.25411224365234375 seconds.
2024-09-06 07:22:12 - INFO - [Measurement : XeKr-Imp] - Saving finished in 0.23039841651916504 seconds.
2024-09-06 07:22:14 - INFO - [Measurement : Cu] - Saving finished in 0.011747360229492188 seconds.
2024-09-06 07:22:16 - INFO - [Measurement : TiN] - Saving finished in 0.007199525833129883 seconds.
2024-09-06 07:22:23 - INFO - [Measurement : SiC] - Saving finished in 0.026479721069335938 seconds.
2024-09-06 07:22:25 - INFO - [Measurement : SiC] - Saving finished in 0.01692652702331543 seconds.
2024-09-06 07:31:12 - INFO - [Measurement : Fe-Imp] - Selection file /mnt/StorageVolume/Dropbox/work-UU/DATA_ANALYSIS/analysis_ToF-ERDA/20240304_ToF-ERDA_Nils/20240304-KrXe-In-ZrO2.potku/Sample_02-Imp/Measurement_01-Fe-Imp/Data/Fe-Imp.selections was read successfully!
2024-09-06 07:31:12 - INFO - [Measurement : Fe-Imp] - Backed up old tof.in file to /mnt/StorageVolume/Dropbox/work-UU/DATA_ANALYSIS/analysis_ToF-ERDA/20240304_ToF-ERDA_Nils/20240304-KrXe-In-ZrO2.potku/Sample_02-Imp/Measurement_01-Fe-Imp/tof_in/tof.in_2024-09-06_07.31.12.bak
2024-09-06 07:31:12 - INFO - [Measurement : Fe-Imp] - Generated tof.in with params> 0
2024-09-06 07:31:12 - ERROR - [Measurement : Fe-Imp] - Could not create Depth Profile graph: [Errno 2] No such file or directory: '/mnt/StorageVolume/Dropbox/work-UU/DATA_ANALYSIS/analysis_ToF-ERDA/20240304_ToF-ERDA_Nils/20240304-KrXe-In-ZrO2.potku/Sample_02-Imp/Measurement_01-Fe-Imp/C:/Users/niwi9751/potku/requests/20240304-KrXe-In-ZrO2.potku/Sample_02-Imp/Measurement_01-Fe-Imp/Data/Cuts/Fe-Imp.Al.ERD.0.cut'
2024-09-06 07:31:13 - INFO - [Measurement : Xe-Imp] - Selection file /mnt/StorageVolume/Dropbox/work-UU/DATA_ANALYSIS/analysis_ToF-ERDA/20240304_ToF-ERDA_Nils/20240304-KrXe-In-ZrO2.potku/Sample_02-Imp/Measurement_02-Xe-Imp/Data/Xe-Imp.selections was read successfully!
2024-09-06 07:31:14 - INFO - [Measurement : Xe-Imp] - Backed up old tof.in file to /mnt/StorageVolume/Dropbox/work-UU/DATA_ANALYSIS/analysis_ToF-ERDA/20240304_ToF-ERDA_Nils/20240304-KrXe-In-ZrO2.potku/Sample_02-Imp/Measurement_02-Xe-Imp/tof_in/tof.in_2024-09-06_07.31.14.bak
2024-09-06 07:31:14 - INFO - [Measurement : Xe-Imp] - Generated tof.in with params> 0
2024-09-06 07:31:17 - INFO - [Measurement : XeKr-Imp] - Selection file /mnt/StorageVolume/Dropbox/work-UU/DATA_ANALYSIS/analysis_ToF-ERDA/20240304_ToF-ERDA_Nils/20240304-KrXe-In-ZrO2.potku/Sample_02-Imp/Measurement_04-XeKr-Imp/Data/XeKr-Imp.selections was read successfully!
2024-09-06 07:31:17 - INFO - [Measurement : XeKr-Imp] - Backed up old tof.in file to /mnt/StorageVolume/Dropbox/work-UU/DATA_ANALYSIS/analysis_ToF-ERDA/20240304_ToF-ERDA_Nils/20240304-KrXe-In-ZrO2.potku/Sample_02-Imp/Measurement_04-XeKr-Imp/tof_in/tof.in_2024-09-06_07.31.17.bak
2024-09-06 07:31:17 - INFO - [Measurement : XeKr-Imp] - Generated tof.in with params> 0
2024-09-06 07:31:17 - ERROR - [Measurement : XeKr-Imp] - Could not create Depth Profile graph: [Errno 2] No such file or directory: '/mnt/StorageVolume/Dropbox/work-UU/DATA_ANALYSIS/analysis_ToF-ERDA/20240304_ToF-ERDA_Nils/20240304-KrXe-In-ZrO2.potku/Sample_02-Imp/Measurement_04-XeKr-Imp/C:/Users/niwi9751/potku/requests/20240304-KrXe-In-ZrO2.potku/Sample_02-Imp/Measurement_04-XeKr-Imp/Data/Cuts/XeKr-Imp.Al.ERD.0.cut'
2024-09-06 07:31:23 - INFO - [Measurement : Kr-Imp] - Selection file /mnt/StorageVolume/Dropbox/work-UU/DATA_ANALYSIS/analysis_ToF-ERDA/20240304_ToF-ERDA_Nils/20240304-KrXe-In-ZrO2.potku/Sample_02-Imp/Measurement_03-Kr-Imp/Data/Kr-Imp.selections was read successfully!
2024-09-06 07:32:23 - INFO - [Measurement : Kr-Imp] - Backed up old tof.in file to /mnt/StorageVolume/Dropbox/work-UU/DATA_ANALYSIS/analysis_ToF-ERDA/20240304_ToF-ERDA_Nils/20240304-KrXe-In-ZrO2.potku/Sample_02-Imp/Measurement_03-Kr-Imp/tof_in/tof.in_2024-09-06_07.32.23.bak
2024-09-06 07:32:23 - INFO - [Measurement : Kr-Imp] - Generated tof.in with params> 0
2024-09-06 07:33:26 - INFO - [Measurement : Xe-Imp] - Backed up old tof.in file to /mnt/StorageVolume/Dropbox/work-UU/DATA_ANALYSIS/analysis_ToF-ERDA/20240304_ToF-ERDA_Nils/20240304-KrXe-In-ZrO2.potku/Sample_02-Imp/Measurement_02-Xe-Imp/tof_in/tof.in_2024-09-06_07.33.26.bak
2024-09-06 07:33:26 - INFO - [Measurement : Xe-Imp] - Generated tof.in with params> 0
2024-09-06 07:36:47 - INFO - [Measurement : Kr-Imp] - Saving single cut finished in 0.011261701583862305 seconds.
2024-09-06 07:36:48 - INFO - [Measurement : Kr-Imp] - Saving finished in 0.2242269515991211 seconds.
2024-09-06 07:36:53 - INFO - [Measurement : SiC] - Selection file /mnt/StorageVolume/Dropbox/work-UU/DATA_ANALYSIS/analysis_ToF-ERDA/20240304_ToF-ERDA_Nils/20240304-KrXe-In-ZrO2.potku/Sample_01-Ref/Measurement_01-SiC/Data/SiC.selections was read successfully!
2024-09-06 07:36:58 - INFO - [Measurement : SiC] - Saving single cut finished in 0.011354446411132812 seconds.
2024-09-06 07:37:13 - INFO - [Measurement : SiC] - Saving finished in 0.019237041473388672 seconds.
2024-09-06 07:39:47 - INFO - [Measurement : Kr-Imp] - Saving single cut finished in 0.025557279586791992 seconds.
2024-09-06 07:39:47 - INFO - [Measurement : Kr-Imp] - Saving finished in 0.21781468391418457 seconds.
2024-09-06 07:41:49 - INFO - [Measurement : Kr-Imp] - Saving single cut finished in 0.0242154598236084 seconds.
2024-09-06 07:41:52 - INFO - [Measurement : Kr-Imp] - Saving finished in 0.21946978569030762 seconds.
2024-09-06 07:42:40 - INFO - [Measurement : Kr-Imp] - Saving single cut finished in 0.02715444564819336 seconds.
2024-09-06 07:42:41 - INFO - [Measurement : Kr-Imp] - Saving finished in 0.23546314239501953 seconds.
2024-09-06 07:43:39 - INFO - [Measurement : Kr-Imp] - Saving single cut finished in 0.0258791446685791 seconds.
2024-09-06 07:43:40 - INFO - [Measurement : Kr-Imp] - Saving finished in 0.22340941429138184 seconds.
2024-09-06 07:44:34 - INFO - [Measurement : Kr-Imp] - Saving single cut finished in 0.01548004150390625 seconds.
2024-09-06 07:44:35 - INFO - [Measurement : Kr-Imp] - Saving finished in 0.22547173500061035 seconds.
2024-09-06 07:44:57 - INFO - [Measurement : Kr-Imp] - Saving finished in 0.2242598533630371 seconds.
2024-09-06 07:45:37 - INFO - [Measurement : Xe-Imp] - Saving single cut finished in 0.025792360305786133 seconds.
2024-09-06 07:45:37 - INFO - [Measurement : Xe-Imp] - Saving single cut finished in 0.06627869606018066 seconds.
2024-09-06 07:45:37 - INFO - [Measurement : Xe-Imp] - Saving single cut finished in 0.01854085922241211 seconds.
2024-09-06 07:45:37 - INFO - [Measurement : Xe-Imp] - Saving single cut finished in 0.01941657066345215 seconds.
2024-09-06 07:45:37 - INFO - [Measurement : Xe-Imp] - Saving single cut finished in 0.013998746871948242 seconds.
2024-09-06 07:45:37 - INFO - [Measurement : Xe-Imp] - Saving single cut finished in 0.023942232131958008 seconds.
2024-09-06 07:45:37 - INFO - [Measurement : Xe-Imp] - Saving single cut finished in 0.04941201210021973 seconds.
2024-09-06 07:45:37 - INFO - [Measurement : Xe-Imp] - Saving single cut finished in 0.008734703063964844 seconds.
2024-09-06 07:45:38 - INFO - [Measurement : Xe-Imp] - Saving single cut finished in 0.02373337745666504 seconds.
2024-09-06 07:45:45 - INFO - [Measurement : Xe-Imp] - Saving finished in 0.23534560203552246 seconds.
2024-09-06 07:47:05 - INFO - [Measurement : Xe-Imp] - Saving single cut finished in 0.0251772403717041 seconds.
2024-09-06 07:47:06 - INFO - [Measurement : Xe-Imp] - Saving finished in 0.24101972579956055 seconds.
2024-09-06 07:47:32 - INFO - [Measurement : Xe-Imp] - Saving finished in 0.224409818649292 seconds.
2024-09-06 07:47:54 - INFO - [Measurement : Xe-Imp] - Saving finished in 0.2170560359954834 seconds.
2024-09-06 07:48:16 - INFO - [Measurement : Kr-Imp] - Saving finished in 0.20995521545410156 seconds.
2024-09-06 07:48:35 - INFO - [Measurement : Kr-Imp] - Saving finished in 0.1912975311279297 seconds.
2024-09-06 07:49:00 - INFO - [Measurement : Kr-Imp] - Saving finished in 0.19214510917663574 seconds.
2024-09-06 07:49:02 - INFO - [Measurement : Xe-Imp] - Saving finished in 0.19939851760864258 seconds.
2024-09-06 07:49:32 - INFO - [Measurement : Xe-Imp] - Saving finished in 0.19689464569091797 seconds.
2024-09-27 10:18:28 - INFO - [Measurement : Xe-Imp] - Selection file C:\Users\nilsw\Dropbox\Nils_Files\Tof_ERDA_Files\requests\20240304-KrXe-In-ZrO2.potku\Sample_02-Imp\Measurement_02-Xe-Imp\Data\Xe-Imp.selections was read successfully!
2024-09-27 10:18:29 - INFO - [Measurement : Xe-Imp] - Backed up old tof.in file to C:\Users\nilsw\Dropbox\Nils_Files\Tof_ERDA_Files\requests\20240304-KrXe-In-ZrO2.potku\Sample_02-Imp\Measurement_02-Xe-Imp\tof_in\tof.in_2024-09-27_10.18.29.bak
2024-09-27 10:18:29 - INFO - [Measurement : Xe-Imp] - Generated tof.in with params> 0
2024-09-27 10:18:31 - ERROR - [Measurement : Xe-Imp] - Could not create a depth profile: tofe_list reports an error 1, see C:\Users\nilsw\Dropbox\Nils_Files\Tof_ERDA_Files\requests\20240304-KrXe-In-ZrO2.potku\Sample_02-Imp\Measurement_02-Xe-Imp\Depth_profiles\tofe_list_log.txt for more information.
2024-09-27 10:20:55 - INFO - [Measurement : Kr-Imp] - Selection file C:\Users\nilsw\Dropbox\Nils_Files\Tof_ERDA_Files\requests\20240304-KrXe-In-ZrO2.potku\Sample_02-Imp\Measurement_03-Kr-Imp\Data\Kr-Imp.selections was read successfully!
2024-09-27 10:20:55 - INFO - [Measurement : Kr-Imp] - Backed up old tof.in file to C:\Users\nilsw\Dropbox\Nils_Files\Tof_ERDA_Files\requests\20240304-KrXe-In-ZrO2.potku\Sample_02-Imp\Measurement_03-Kr-Imp\tof_in\tof.in_2024-09-27_10.20.55.bak
2024-09-27 10:20:55 - INFO - [Measurement : Kr-Imp] - Generated tof.in with params> 0
2024-09-27 10:20:55 - ERROR - [Measurement : Kr-Imp] - Could not create a depth profile: tofe_list reports an error 1, see C:\Users\nilsw\Dropbox\Nils_Files\Tof_ERDA_Files\requests\20240304-KrXe-In-ZrO2.potku\Sample_02-Imp\Measurement_03-Kr-Imp\Depth_profiles\tofe_list_log.txt for more information.
2024-09-27 10:21:28 - INFO - [Measurement : Kr-Imp] - Backed up old tof.in file to C:\Users\nilsw\Dropbox\Nils_Files\Tof_ERDA_Files\requests\20240304-KrXe-In-ZrO2.potku\Sample_02-Imp\Measurement_03-Kr-Imp\tof_in\tof.in_2024-09-27_10.21.28.bak
2024-09-27 10:21:28 - INFO - [Measurement : Kr-Imp] - Generated tof.in with params> 0
2024-09-27 10:22:25 - INFO - [Measurement : Kr-Imp] - Created Element Losses. Splits: 10 Reference cut: C:\Users\nilsw\Dropbox\Nils_Files\Tof_ERDA_Files\requests\20240304-KrXe-In-ZrO2.potku\Sample_02-Imp\Measurement_03-Kr-Imp\Data\Cuts\Kr-Imp.Zr.ERD.0.cut List of cuts: [WindowsPath('C:/Users/nilsw/Dropbox/Nils_Files/Tof_ERDA_Files/requests/20240304-KrXe-In-ZrO2.potku/Sample_02-Imp/Measurement_03-Kr-Imp/Data/Cuts/Kr-Imp.Kr.ERD.0.cut')]
2024-09-27 10:22:25 - INFO - [Measurement : Kr-Imp] - Elemental Losses split counts:
Kr.ERD.0: 196, 200, 213, 201, 198, 195, 217, 220, 235, 234
2024-09-27 10:22:40 - INFO - [Measurement : Kr-Imp] - Created Element Losses. Splits: 10 Reference cut: C:\Users\nilsw\Dropbox\Nils_Files\Tof_ERDA_Files\requests\20240304-KrXe-In-ZrO2.potku\Sample_02-Imp\Measurement_03-Kr-Imp\Data\Cuts\Kr-Imp.Zr.ERD.0.cut List of cuts: [WindowsPath('C:/Users/nilsw/Dropbox/Nils_Files/Tof_ERDA_Files/requests/20240304-KrXe-In-ZrO2.potku/Sample_02-Imp/Measurement_03-Kr-Imp/Data/Cuts/Kr-Imp.Kr.ERD.0.cut'), WindowsPath('C:/Users/nilsw/Dropbox/Nils_Files/Tof_ERDA_Files/requests/20240304-KrXe-In-ZrO2.potku/Sample_02-Imp/Measurement_03-Kr-Imp/Data/Cuts/Kr-Imp.O.ERD.0.cut')]
2024-09-27 10:22:40 - INFO - [Measurement : Kr-Imp] - Elemental Losses split counts:
Kr.ERD.0: 196, 200, 213, 201, 198, 195, 217, 220, 235, 234
O.ERD.0: 4105, 4020, 4102, 4025, 4102, 4229, 4042, 4143, 4277, 4217
2024-09-27 10:23:14 - INFO - [Measurement : Xe-Imp] - Backed up old tof.in file to C:\Users\nilsw\Dropbox\Nils_Files\Tof_ERDA_Files\requests\20240304-KrXe-In-ZrO2.potku\Sample_02-Imp\Measurement_02-Xe-Imp\tof_in\tof.in_2024-09-27_10.23.14.bak
2024-09-27 10:23:14 - INFO - [Measurement : Xe-Imp] - Generated tof.in with params> 0
2024-09-27 10:23:48 - INFO - [Measurement : Kr-Imp] - Selection file C:\Users\nilsw\Dropbox\Nils_Files\Tof_ERDA_Files\requests\20240304-KrXe-In-ZrO2.potku\Sample_02-Imp\Measurement_03-Kr-Imp\Data\Kr-Imp.selections was read successfully!
2024-09-27 10:24:05 - INFO - [Measurement : Xe-Imp] - Selection file C:\Users\nilsw\Dropbox\Nils_Files\Tof_ERDA_Files\requests\20240304-KrXe-In-ZrO2.potku\Sample_02-Imp\Measurement_02-Xe-Imp\Data\Xe-Imp.selections was read successfully!
2024-09-27 10:24:32 - INFO - [Measurement : Xe-Imp] - Created Element Losses. Splits: 10 Reference cut: C:\Users\nilsw\Dropbox\Nils_Files\Tof_ERDA_Files\requests\20240304-KrXe-In-ZrO2.potku\Sample_02-Imp\Measurement_02-Xe-Imp\Data\Cuts\Xe-Imp.Zr.ERD.0.cut List of cuts: [WindowsPath('C:/Users/nilsw/Dropbox/Nils_Files/Tof_ERDA_Files/requests/20240304-KrXe-In-ZrO2.potku/Sample_02-Imp/Measurement_02-Xe-Imp/Data/Cuts/Xe-Imp.Xe.ERD.0.cut')]
2024-09-27 10:24:32 - INFO - [Measurement : Xe-Imp] - Elemental Losses split counts:
Xe.ERD.0: 132, 123, 118, 121, 145, 122, 101, 113, 122, 112
2024-09-27 10:24:42 - INFO - [Measurement : Xe-Imp] - Created Element Losses. Splits: 20 Reference cut: C:\Users\nilsw\Dropbox\Nils_Files\Tof_ERDA_Files\requests\20240304-KrXe-In-ZrO2.potku\Sample_02-Imp\Measurement_02-Xe-Imp\Data\Cuts\Xe-Imp.Zr.ERD.0.cut List of cuts: [WindowsPath('C:/Users/nilsw/Dropbox/Nils_Files/Tof_ERDA_Files/requests/20240304-KrXe-In-ZrO2.potku/Sample_02-Imp/Measurement_02-Xe-Imp/Data/Cuts/Xe-Imp.Xe.ERD.0.cut')]
2024-09-27 10:24:42 - INFO - [Measurement : Xe-Imp] - Elemental Losses split counts:
Xe.ERD.0: 66, 66, 63, 58, 69, 51, 65, 56, 73, 72, 61, 61, 48, 53, 53, 60, 66, 56, 54, 57
2024-09-27 10:25:13 - INFO - [Measurement : Xe-Imp] - Created Element Losses. Splits: 3 Reference cut: C:\Users\nilsw\Dropbox\Nils_Files\Tof_ERDA_Files\requests\20240304-KrXe-In-ZrO2.potku\Sample_02-Imp\Measurement_02-Xe-Imp\Data\Cuts\Xe-Imp.Zr.ERD.0.cut List of cuts: [WindowsPath('C:/Users/nilsw/Dropbox/Nils_Files/Tof_ERDA_Files/requests/20240304-KrXe-In-ZrO2.potku/Sample_02-Imp/Measurement_02-Xe-Imp/Data/Cuts/Xe-Imp.Xe.ERD.0.cut')]
2024-09-27 10:25:13 - INFO - [Measurement : Xe-Imp] - Elemental Losses split counts:
Xe.ERD.0: 414, 417, 378
2024-09-27 10:25:38 - INFO - [Measurement : Xe-Imp] - Created Element Losses. Splits: 20 Reference cut: C:\Users\nilsw\Dropbox\Nils_Files\Tof_ERDA_Files\requests\20240304-KrXe-In-ZrO2.potku\Sample_02-Imp\Measurement_02-Xe-Imp\Data\Cuts\Xe-Imp.Zr.ERD.0.cut List of cuts: [WindowsPath('C:/Users/nilsw/Dropbox/Nils_Files/Tof_ERDA_Files/requests/20240304-KrXe-In-ZrO2.potku/Sample_02-Imp/Measurement_02-Xe-Imp/Data/Cuts/Xe-Imp.Xe.ERD.0.cut')]
2024-09-27 10:25:38 - INFO - [Measurement : Xe-Imp] - Elemental Losses split counts:
Xe.ERD.0: 66, 66, 63, 58, 69, 51, 65, 56, 73, 72, 61, 61, 48, 53, 53, 60, 66, 56, 54, 57
2024-09-27 10:25:57 - INFO - [Measurement : Kr-Imp] - Created Element Losses. Splits: 20 Reference cut: C:\Users\nilsw\Dropbox\Nils_Files\Tof_ERDA_Files\requests\20240304-KrXe-In-ZrO2.potku\Sample_02-Imp\Measurement_03-Kr-Imp\Data\Cuts\Kr-Imp.Zr.ERD.0.cut List of cuts: [WindowsPath('C:/Users/nilsw/Dropbox/Nils_Files/Tof_ERDA_Files/requests/20240304-KrXe-In-ZrO2.potku/Sample_02-Imp/Measurement_03-Kr-Imp/Data/Cuts/Kr-Imp.Kr.ERD.0.cut')]
2024-09-27 10:25:57 - INFO - [Measurement : Kr-Imp] - Elemental Losses split counts:
Kr.ERD.0: 89, 107, 105, 95, 110, 103, 94, 107, 108, 90, 98, 97, 114, 103, 112, 108, 123, 112, 118, 116
2024-09-27 10:26:10 - INFO - [Measurement : Kr-Imp] - Created Element Losses. Splits: 3 Reference cut: C:\Users\nilsw\Dropbox\Nils_Files\Tof_ERDA_Files\requests\20240304-KrXe-In-ZrO2.potku\Sample_02-Imp\Measurement_03-Kr-Imp\Data\Cuts\Kr-Imp.Zr.ERD.0.cut List of cuts: [WindowsPath('C:/Users/nilsw/Dropbox/Nils_Files/Tof_ERDA_Files/requests/20240304-KrXe-In-ZrO2.potku/Sample_02-Imp/Measurement_03-Kr-Imp/Data/Cuts/Kr-Imp.Kr.ERD.0.cut')]
2024-09-27 10:26:10 - INFO - [Measurement : Kr-Imp] - Elemental Losses split counts:
Kr.ERD.0: 668, 691, 751
2024-09-27 10:26:59 - INFO - [Measurement : Kr-Imp] - Created Element Losses. Splits: 99 Reference cut: C:\Users\nilsw\Dropbox\Nils_Files\Tof_ERDA_Files\requests\20240304-KrXe-In-ZrO2.potku\Sample_02-Imp\Measurement_03-Kr-Imp\Data\Cuts\Kr-Imp.Zr.ERD.0.cut List of cuts: [WindowsPath('C:/Users/nilsw/Dropbox/Nils_Files/Tof_ERDA_Files/requests/20240304-KrXe-In-ZrO2.potku/Sample_02-Imp/Measurement_03-Kr-Imp/Data/Cuts/Kr-Imp.Kr.ERD.0.cut')]
2024-09-27 10:26:59 - INFO - [Measurement : Kr-Imp] - Elemental Losses split counts:
Kr.ERD.0: 20, 25, 15, 16, 13, 27, 19, 28, 18, 17, 19, 27, 20, 20, 22, 18, 17, 16, 20, 24, 18, 21, 26, 19, 27, 21, 16, 27, 19, 16, 22, 17, 18, 16, 22, 20, 15, 27, 21, 28, 25, 27, 28, 16, 16, 17, 16, 18, 17, 22, 25, 11, 17, 18, 27, 15, 20, 22, 16, 26, 19, 22, 24, 24, 30, 24, 13, 19, 19, 21, 19, 30, 20, 20, 27, 23, 22, 18, 24, 26, 22, 20, 30, 27, 26, 23, 22, 24, 19, 14, 20, 34, 27, 22, 28, 21, 24, 26, 18
2024-09-27 10:27:13 - INFO - [Measurement : Xe-Imp] - Created Element Losses. Splits: 99 Reference cut: C:\Users\nilsw\Dropbox\Nils_Files\Tof_ERDA_Files\requests\20240304-KrXe-In-ZrO2.potku\Sample_02-Imp\Measurement_02-Xe-Imp\Data\Cuts\Xe-Imp.Zr.ERD.0.cut List of cuts: [WindowsPath('C:/Users/nilsw/Dropbox/Nils_Files/Tof_ERDA_Files/requests/20240304-KrXe-In-ZrO2.potku/Sample_02-Imp/Measurement_02-Xe-Imp/Data/Cuts/Xe-Imp.Xe.ERD.0.cut')]
2024-09-27 10:27:13 - INFO - [Measurement : Xe-Imp] - Elemental Losses split counts:
Xe.ERD.0: 17, 12, 11, 16, 10, 18, 14, 12, 17, 6, 16, 8, 12, 11, 15, 9, 14, 13, 11, 15, 13, 13, 15, 14, 12, 11, 7, 7, 9, 16, 15, 14, 10, 16, 12, 4, 16, 15, 11, 11, 19, 15, 16, 12, 16, 8, 11, 20, 18, 13, 13, 12, 13, 12, 15, 11, 10, 9, 14, 14, 14, 10, 5, 6, 9, 14, 15, 13, 6, 5, 10, 13, 13, 9, 14, 8, 9, 19, 10, 8, 14, 17, 13, 17, 5, 11, 17, 13, 5, 14, 12, 8, 13, 11, 14, 15, 9, 8, 13
2024-09-27 10:32:35 - INFO - [Measurement : Xe-Imp] - Selection file C:\Users\nilsw\Dropbox\Nils_Files\Tof_ERDA_Files\requests\20240304-KrXe-In-ZrO2.potku\Sample_02-Imp\Measurement_02-Xe-Imp\Data\Xe-Imp.selections was read successfully!
2024-09-27 10:33:20 - INFO - [Measurement : Kr-Imp] - Selection file C:\Users\nilsw\Dropbox\Nils_Files\Tof_ERDA_Files\requests\20240304-KrXe-In-ZrO2.potku\Sample_02-Imp\Measurement_03-Kr-Imp\Data\Kr-Imp.selections was read successfully!
2024-09-27 10:33:21 - INFO - [Measurement : Kr-Imp] - Backed up old tof.in file to C:\Users\nilsw\Dropbox\Nils_Files\Tof_ERDA_Files\requests\20240304-KrXe-In-ZrO2.potku\Sample_02-Imp\Measurement_03-Kr-Imp\tof_in\tof.in_2024-09-27_10.33.21.bak
2024-09-27 10:33:21 - INFO - [Measurement : Kr-Imp] - Generated tof.in with params> 0
2024-09-27 10:33:38 - INFO - [Measurement : Kr-Imp] - Saving finished in 0.4855797290802002 seconds.
2024-09-27 10:35:02 - INFO - [Measurement : Kr-Imp] - Saving finished in 0.30507993698120117 seconds.
2024-09-27 10:35:32 - INFO - [Measurement : Xe-Imp] - Selection file C:\Users\nilsw\Dropbox\Nils_Files\Tof_ERDA_Files\requests\20240304-KrXe-In-ZrO2.potku\Sample_02-Imp\Measurement_02-Xe-Imp\Data\Xe-Imp.selections was read successfully!
2024-09-27 10:35:33 - INFO - [Measurement : Xe-Imp] - Backed up old tof.in file to C:\Users\nilsw\Dropbox\Nils_Files\Tof_ERDA_Files\requests\20240304-KrXe-In-ZrO2.potku\Sample_02-Imp\Measurement_02-Xe-Imp\tof_in\tof.in_2024-09-27_10.35.33.bak
2024-09-27 10:35:33 - INFO - [Measurement : Xe-Imp] - Generated tof.in with params> 0
2024-09-27 10:35:40 - INFO - [Measurement : Kr-Imp] - Selection file C:\Users\nilsw\Dropbox\Nils_Files\Tof_ERDA_Files\requests\20240304-KrXe-In-ZrO2.potku\Sample_02-Imp\Measurement_03-Kr-Imp\Data\Kr-Imp.selections was read successfully!
2024-09-27 10:35:50 - INFO - [Measurement : Kr-Imp] - Saving finished in 0.26070189476013184 seconds.
2024-09-27 10:37:08 - INFO - [Measurement : Xe-Imp] - Selection file C:\Users\nilsw\Dropbox\Nils_Files\Tof_ERDA_Files\requests\20240304-KrXe-In-ZrO2.potku\Sample_02-Imp\Measurement_02-Xe-Imp\Data\Xe-Imp.selections was read successfully!
2024-09-27 10:40:01 - INFO - [Measurement : Kr-Imp] - Selection file C:\Users\nilsw\Dropbox\Nils_Files\Tof_ERDA_Files\requests\20240304-KrXe-In-ZrO2.potku\Sample_02-Imp\Measurement_03-Kr-Imp\Data\Kr-Imp.selections was read successfully!
2024-09-27 10:40:14 - INFO - [Measurement : Kr-Imp] - Saving finished in 0.4263930320739746 seconds.
2024-09-27 10:51:17 - INFO - [Measurement : Xe-Imp] - Selection file C:\Users\nilsw\Dropbox\Nils_Files\Tof_ERDA_Files\requests\20240304-KrXe-In-ZrO2.potku\Sample_02-Imp\Measurement_02-Xe-Imp\Data\Xe-Imp.selections was read successfully!
2024-09-27 10:51:56 - INFO - [Measurement : Xe-Imp] - Saving finished in 0.5222642421722412 seconds.
2024-09-27 10:52:01 - INFO - [Measurement : Xe-Imp] - Created Element Losses. Splits: 99 Reference cut: C:\Users\nilsw\Dropbox\Nils_Files\Tof_ERDA_Files\requests\20240304-KrXe-In-ZrO2.potku\Sample_02-Imp\Measurement_02-Xe-Imp\Data\Cuts\Xe-Imp.Zr.ERD.0.cut List of cuts: [WindowsPath('C:/Users/nilsw/Dropbox/Nils_Files/Tof_ERDA_Files/requests/20240304-KrXe-In-ZrO2.potku/Sample_02-Imp/Measurement_02-Xe-Imp/Data/Cuts/Xe-Imp.Xe.ERD.0.cut')]
2024-09-27 10:52:01 - INFO - [Measurement : Xe-Imp] - Elemental Losses split counts:
Xe.ERD.0: 17, 12, 11, 16, 10, 18, 14, 12, 17, 6, 16, 8, 12, 11, 15, 9, 14, 13, 11, 15, 13, 13, 15, 14, 12, 11, 7, 7, 9, 16, 15, 14, 10, 16, 12, 4, 16, 15, 11, 11, 19, 15, 16, 12, 16, 8, 11, 20, 18, 13, 13, 12, 13, 12, 15, 11, 10, 9, 14, 14, 14, 10, 5, 6, 9, 14, 15, 13, 6, 5, 10, 13, 13, 9, 14, 8, 9, 19, 10, 8, 14, 17, 13, 17, 5, 11, 17, 13, 5, 14, 12, 8, 13, 11, 14, 15, 9, 8, 13
2025-03-05 14:01:25 - INFO - [Measurement : Xe-Imp] - Selection file C:\Users\nilsw\Dropbox\Nils_Files\Tof_ERDA_Files\requests\20240304-KrXe-In-ZrO2.potku\Sample_02-Imp\Measurement_02-Xe-Imp\Data\Xe-Imp.selections was read successfully!
2025-03-05 14:01:31 - ERROR - [Measurement : Xe-Imp] - Could not create Depth Profile graph: [Errno 2] No such file or directory: 'C:\\Users\\nilsw\\Dropbox\\Nils_Files\\Tof_ERDA_Files\\requests\\20240304-KrXe-In-ZrO2.potku\\Sample_02-Imp\\Measurement_02-Xe-Imp\\Data\\Cuts\\Xe-Imp.Fe.ERD.0.cut'
2025-03-05 14:23:44 - INFO - [Measurement : Xe-Imp] - Selection file C:\Users\nilsw\Dropbox\Nils_Files\Tof_ERDA_Files\requests\20240304-KrXe-In-ZrO2.potku\Sample_02-Imp\Measurement_02-Xe-Imp\Data\Xe-Imp.selections was read successfully!
2025-03-05 14:23:49 - ERROR - [Measurement : Xe-Imp] - Could not create Depth Profile graph: [Errno 2] No such file or directory: 'C:\\Users\\nilsw\\Dropbox\\Nils_Files\\Tof_ERDA_Files\\requests\\20240304-KrXe-In-ZrO2.potku\\Sample_02-Imp\\Measurement_02-Xe-Imp\\Data\\Cuts\\Xe-Imp.Fe.ERD.0.cut'
2025-03-05 14:24:33 - INFO - [Measurement : Xe-Imp] - Backed up old tof.in file to C:\Users\nilsw\Dropbox\Nils_Files\Tof_ERDA_Files\requests\20240304-KrXe-In-ZrO2.potku\Sample_02-Imp\Measurement_02-Xe-Imp\tof_in\tof.in_2025-03-05_14.24.33.bak
2025-03-05 14:24:33 - INFO - [Measurement : Xe-Imp] - Generated tof.in with params> 0
2025-03-05 14:28:50 - INFO - [Measurement : Kr-Imp] - Selection file C:\Users\nilsw\Dropbox\Nils_Files\Tof_ERDA_Files\requests\20240304-KrXe-In-ZrO2.potku\Sample_02-Imp\Measurement_03-Kr-Imp\Data\Kr-Imp.selections was read successfully!
2025-03-05 14:28:52 - INFO - [Measurement : Kr-Imp] - Backed up old tof.in file to C:\Users\nilsw\Dropbox\Nils_Files\Tof_ERDA_Files\requests\20240304-KrXe-In-ZrO2.potku\Sample_02-Imp\Measurement_03-Kr-Imp\tof_in\tof.in_2025-03-05_14.28.52.bak
2025-03-05 14:28:52 - INFO - [Measurement : Kr-Imp] - Generated tof.in with params> 0
2025-03-05 14:38:15 - INFO - [Measurement : Xe-Imp] - Selection file C:\Users\nilsw\Dropbox\Nils_Files\Tof_ERDA_Files\requests\20240304-KrXe-In-ZrO2.potku\Sample_02-Imp\Measurement_02-Xe-Imp\Data\Xe-Imp.selections was read successfully!
2025-03-05 14:38:22 - INFO - [Measurement : Kr-Imp] - Selection file C:\Users\nilsw\Dropbox\Nils_Files\Tof_ERDA_Files\requests\20240304-KrXe-In-ZrO2.potku\Sample_02-Imp\Measurement_03-Kr-Imp\Data\Kr-Imp.selections was read successfully!
2025-03-19 07:29:20 - INFO - [Measurement : Xe-Imp] - Selection file C:\Users\nilsw\Dropbox\Nils_Files\Tof_ERDA_Files\requests\20240304-KrXe-In-ZrO2.potku\Sample_02-Imp\Measurement_02-Xe-Imp\Data\Xe-Imp.selections was read successfully!
2025-03-21 14:39:30 - INFO - [Measurement : Xe-Imp] - Selection file C:\Users\nilsw\Dropbox\Nils_Files\Tof_ERDA_Files\requests\20240304-KrXe-In-ZrO2.potku\Sample_02-Imp\Measurement_02-Xe-Imp\Data\Xe-Imp.selections was read successfully!
2025-03-21 14:39:41 - INFO - [Measurement : Kr-Imp] - Selection file C:\Users\nilsw\Dropbox\Nils_Files\Tof_ERDA_Files\requests\20240304-KrXe-In-ZrO2.potku\Sample_02-Imp\Measurement_03-Kr-Imp\Data\Kr-Imp.selections was read successfully!
